codigo,producto,precio_c_iva
AD-5218,Adaptador Ford Focus 1.6 (04/10),103621.77
AD-5219,Adaptador Multiple Ford Focus II 1.6,109900.03
AD-5220,Adaptador Multiple Ford Focus II 2.0,109534.31
AD-5222,Adaptador Ford Focus III 2.0 (13/20),99659.76
AD-5236,Adaptador Ford Fiesta 1.6 (02/14),95210.12
AD-5237,Adaptador Ford Ecosport 2.0 (03/10),84177.45
AD-5245,Adaptador Multiple Ford Ecosport Kinetic 1.6,100330.26
AD-5251,Adapt. Múltiple Ford Ka 1.0 y 1.6 (10/14),103621.77
AD-5260,Adapt. Múlt. Ford Fiesta Kinetic 1.6 (10/20) y Ka - 1.5,100391.21
AD-5416,Adapt. Múltiple VW Gol 1.6 MI (98/11),53639.50
AD-5417,Adapt. Múlt. VW Gol Power 1.4 (12/15),50591.81
AD-5419,Adapt. Múlt. Gol Trend y Voyage 1.6,43338.28
AD-5445,"Adapt. Múlt. VW Fox, Cross Fox y Suran 1.6 (04/10)",88688.04
AD-5446,"Adap. Múlt. VW Fox, Cross Fox y Suran 1.6 (10/19)",92040.51
AD-5465,Adapt. Múlt. VW Bora 2.0,97038.74
AD-5600,Adaptador Múltiple Fiat Uno y Duna 1.6 (88/98),40839.17
AD-5616,Adaptador Múltiple Fiat 147 Tipo 1.4,40229.63
AD-5646,Adapt. Múlt. Fiat Palio y Siena - Fire 1.4 (07/11),82958.37
AD-5647,Adapt. Múlt. Fiat Palio Fire 1.4 (11/14),91918.61
AD-5648,Adaptador Múltiple Fiat Palio 1.6 E.torQ,75278.17
AD-5833,Adaptador Múltiple Peugeot 206 1.6 16V,78447.78
AD-5834,Adaptador Múltiple Peugeot 207 1.4,72840.01
AD-5835,Adaptador Múltiple Peugeot 207 1.6 16V,83506.96
AD-5837,Adaptador Múltiple Peugeot 208 1.5,44557.36
AD-5838,Adaptador Múltiple Peugeot 208 1.6 16V (13/19),44557.28
AD-5840,Adaptador Múltiple Peugeot 307 1.6 16V,44374.50
AD-6059,Adaptador Múltiple Renault Clio 1.2 16V (03/12),30172.22
AD-6060,Adaptador Múltiple Renault Clio Mio 1.2 (12/17),44801.18
AD-6070,Adaptador Múltiple R.Megane 1.6 8V (97/01),79179.22
AD-6094,Adap. Múltip. Renault Logan y Sandero 1.6 8V (13/19),98928.31
AD-6095,Adapt. Múltip. Renault Sandero y Logan 1.6 16V (13/19),87164.20
AD-6200,Adaptador Múltiple corto Chev. Corsa 1.6 (95/09),43094.47
AD-6201,Adaptador Múltiple largo Chev. Corsa 1.6 (95/09),92284.33
AD-6202,Adapt. Múltiple  Corsa Classic 1.4,97038.74
AD-6230,"Adapt. Múltip. Ch. Astra, Astra II y Zafira - 2.0 8V (99/06)",84786.99
AD-6232,"Adapt. Múltiple Chev. Astra, Astra II y Zafira - 2.0 16V",84969.85
AD-6250,"Adapt. Múltip. Ch. Astra, Astra II y Vectra - 2.0 8V (07/11)",88383.27
AD-6251,Adaptador Múltiple Vectra 2.0 y 2.2 16V (97/06),111058.16
AD-6252,Adaptador Múltiple Vectra 2.4 16V (07/11),88992.81
AD-6280,Adap. Múltiple Chevrolet Prisma y Onix 1.4 (13/21),109900.03
AD-6410,Adaptador Múltiple Toyota Hilux 3.0 4x2 (01/05),62051.15
AD-7600,Adaptador Múltiple Dep. Jeep Renegade 1.8 (16/25),89907.08
C-13,Cola Chevrolet 400 (62/65) y 400 Super (66/74),31269.39
C-40,Cola Chevrolet Pick Up (66/72),23040.61
C-45,Cola Chevrolet Pick Up (73/78),34926.63
C-49,Cola Chevrolet Pick Up C-20 Naf. y D-20 Diesel,36328.57
C-52,Cola Chevrolet Pick Up D-20 - Turbo (96/98),38766.73
C-90,Cola Dodge 1500 (71/82),24259.69
C-91,Cola Volkswagen 1500 (83/92),25661.63
C-214,"Cola Fiat 147 y Spazio - 1100, 1300",17798.56
C-215,Cola Spazio 1.4 Tipo,19505.27
C-216,Cola elim. Sil. Tras. F. Fiorino - Tipo 1.4 y 1300 Diesel,21638.66
C-240,Cola Ford Falcon (82/92),9204.05
C-241,Cola Falcon Rural y Ranchero (82/89),12129.84
C-280,Cola F100 - 8 Cilindros Fase II (72/81),28709.33
C-282,Cola F100 6 cilindros (82/84) y Perkins (82/90),18530.01
C-283,Cola F100 6 cilindros (82/84) y Perkins (82/90),35536.17
C-284,Cola F100 6 cilindros (86/89) y 6 cil. Max Econo (90/92),31878.93
C-285,Cola derecha F100 (71/81),34012.32
C-286,Cola izquierda F100 (71/81),34012.32
C-289,Cola F100 6 cilindros Max Econo (95/96),34926.63
C-290,Cola F100 - 6 cilind. (69/81) y 8 cilind. (66/72),28709.33
C-297,Cola Ford F100 - Deutz (8290),56748.16
C-298,Cola Ford F100 4.9 I y Turbo MWM (96/99),10727.90
C-302,"Cola F100 - Perkins 6, 6/305, 4 Pot. y 4/203 (64/83)",28709.33
C-308,Cola F100-Diesel MWM 4 cil.(93/95),40717.26
C-309,Cola F100 HSD - Maxion 2.5 TD (96/99),49189.86
C-310,Cola F. F100 Super Dutty - 3.9 TD Cummins (00/06),37181.93
C-313,Sobre dif. Ford Taunus GLX (79/82),24808.27
C-333,Cola Ford Focus 1.6 S/Baúl,19566.23
C-334,Cola Ford Focus 1.6 I C/Baúl (04/12),22552.97
C-365,Cola Jeep Ika,14994.68
C-370,Cola Estanciera Ika,36511.44
C-420,Sobre Diferencial Doble Torino 380W,35658.08
C-435,Cola Renault 4L y 4S,24503.50
C-466,Sobre diferencial Renault 18 y Break GTX (82/93),23345.38
C-510,Sobre diferencial Peug. 504 (83/90) y 505 (81/92),20419.58
C-523,Cola Peug. Pick Up 504 Nafta (81/99) y Diesel (93/99),26697.84
C-550,Cola Rastrojero Indenor,17920.47
C-561,Cola Mercedes Benz Sprinter 310D (97/00),47300.29
C-586,Cola Toyota Hilux 3.0 TDI Cab.doble 4x2 (05/15),52298.52
C-591,"Bronco F.100 en caño Ø3""",212790.35
C-630,Cola Scania Camión 113 (Chasis largo),93381.50
C-630/1,Cola Scania Camión 113 (Chasis corto),71499.02
C-638,"Cola Reforma Scania 380, P94, T/R 114 y T/R 124",53334.73
C-654,Cola Ford Cargo y Volkswagen (96/20),81434.52
C-655,Cola Ford Cargo y Volkswagen (96/20),95453.94
C-656,Cola Camión F. Cargo 1722 para tractor semi (98/20),78996.36
C-680,Cola Mercedes Benz 608,30964.62
C-690,"Cola Mercedes Benz 1112, 1114, 911",44069.73
C-701,Cola Fiat Iveco 150(hasta 95),26941.66
C-720,"Cola Universal larga  Ø2"" - 1m x 1m",36511.44
C-722,"Cola Universal larga  Ø2"" 1/2 - 1m x 1m",44069.73
C-723,"Cola Universal larga  Ø3"" - 1m x 1m",53761.41
C-724,"Cola Universal larga  Ø3"" 1/2 - 1m x 1m",71194.25
C-725,"Cola Universal larga  Ø4"" - 1m x 1m",83324.09
C-726,"Cola Universal larga  Ø4"" 1/2 - 1m x 1m",93137.69
C-735,"Sobrediferencial universal camión Ø4""",64062.64
C-736,"Sobrediferencial Universal Camión Ø4"" 1/2",71499.02
C-737,"Curva de 90° - Ø1"" 1/4",9082.14
C-739,"Curva de 90° - Ø1"" 3/4",11154.58
C-739/1,"Curva de 45° - Ø1"" 3/4",9752.64
C-740,"Curva de 90° - Ø2""",11520.30
C-740/1,"Curva de 45° - Ø 2""",10240.27
C-741,"Curva de 90° - Ø2"" 1/4",12434.61
C-741/1,"Curva de 45° - Ø2"" 1/4",11520.30
C-742,"Curva de 90° - Ø2"" 1/2",14933.73
C-742/1,"Curva de 45° - Ø2"" 1/2",13044.15
C-743,"Curva de 90° - Ø3""",17310.93
C-743/1,"Curva de 45° - Ø3""",14994.68
C-743/2,"Curva de 90° - Ø3"" c/boquilla",19017.64
C-744,"Curva de 90° - Ø3"" 1/2",24808.27
C-744/1,"Curva de 45° - Ø3"" 1/2",21638.66
C-745,"Curva de 90° - Ø4""",28404.56
C-745/1,"Curva de 45° - Ø4""",24686.36
C-745/2,"Curva de 90° - Ø4"" c/boquilla",31208.44
C-746,"Curva de 90° - Ø4"" 1/2",33951.37
C-746/1,"Curva de 45° - Ø4"" 1/2",30903.67
C-815,Tapa p/Tractor Massey Ferguson 4-203 y 6-305,55894.80
C-816,Tapa p/Tractor Massey Ferguson 6-354 FII y FIV,57357.70
C-831,"Tapa p/Tractor 3""",60344.44
C-836,"Tapa p/Tractor 3""1/2",61563.52
C-880,Cola Reforma Deutz Fahr AX 4.170,58503.03
C-5200,Cola Elimina Sil. Trasero Ford Escort 1.6,34499.95
C-5218,Cola Ford Focus 1.6 - Zetec 1.8 I s/baúl (00/10),33219.92
C-5219,Cola Ford Focus 1.6 y 2.0 I - C/Baúl (00/10),35962.85
C-5220,Cola  Ford Focus II 1.6 y 2.0 s/Baul (08/13),35048.54
C-5222,COLA LIBRE FORD FOCUS III 2.0 (13/20),44862.13
C-5240,"Cola Derecha Ø2"" Ford F100 - Max Econo (90/94)",56687.20
C-5241,"Cola izquierda Ø2"" Ford F100 - Max Econo (90/94)",56016.71
C-5251,Cola Ford Ka 1.0 y 1.6 (10/14),29136.00
C-5415,"Cola VW Gol 1.6 I, 1.8 I y 2.0 I (96/99)",39010.55
C-5416,"Cola VW Gol 1.6 MI, Power - 1.4 y 1.0 I parag. envol.",40839.17
C-5419,Cola VW Gol Trend 1.6,43094.47
C-5445,Cola VW Fox y Cross Fox 1.6,46873.61
C-5480,COLA VW UP 1.0 (14/21),43643.05
C-5491/1,"Cola Deportiva Ø3"" VW Amarok 3.0 V6 (18->)",102912.73
C-5600,"Cola elimina sil. trasero Ø2"" Fiat Uno",45959.30
C-5601,"Cola Elimina Sil. Trasero Ø2"" Fiat Duna",49494.63
C-5602,"Cola Elimina Sil. Trasero Ø2"" 1/4  Fiat Uno",44069.73
C-5604,Cola Fiat Uno Evo 1.4 (10/16),40534.40
C-5605,"Cola elimina Sil. trasero Ø2"" 1/4 Fiat Duna",48153.65
C-5610,Cola Elimina sil. trasero Fiat 128,30111.27
C-5615,"Cola Elimina Sil. Trasero Fiat 147 - 1100, 1300 y Tipo",27429.29
C-5627,"Cola Elimina Sil. Tras. F. Palio 1.6 16V, 1.7 TD y 1.3 Fire",41387.75
C-5629,Cola Elimina Sil. Tras. F. Palio Weekend 1.6 I y 1.7 Diesel,36938.11
C-5646,Cola  Fiat Palio 1.4 Fire (07/14),40534.40
C-5649,Cola Fiat Palio 1.6 E.torQ (12/17),43886.87
C-5650,Cola Fiat Punto 1.4 y 1.8,42972.56
C-5670,Cola libre Fiat Cronos 1.3 (18->),51688.91
C-5810,Cola Elimina Sil. Tras. Peugeot 205,35048.54
C-5833,Cola Peugeot 206 1.6 16V (04/13),35779.99
C-5837,Cola Peugeot 208 1.5 y 1.6 16V,39985.81
C-5839,Cola libre Peugeot 208 1.6 16V (19 ->),37547.65
C-6010,Salto y cola Elimina Sil. Trasero R.18,46934.57
C-6200,Cola Elimina Sil. Trasero Chev. Corsa 1.6 I s/Baúl,32854.20
C-6201,Cola Elimina Sil. Tras. Chevrolet Corsa 1.6 I c/baúl,37730.52
C-6280,Cola Chevrolet Onix 1.4 (13/19),37364.79
C-6420,Cola Deportiva Toyota Pick Up Hilux 2.8 (16->),87773.65
C-20162,Cola VW Saveiro 1.6 Reforma Gas (10/22),17689.39
C-20200,COLA VW UP 1.0 (14/21),21760.57
C-30600,COLA Fiat Mobi 1.0 8v y 1.0 3 cil. (16 ->),27430.97
C-30710,Cola Fiat Doblo 1.4 16V Reforma Gas,21394.85
C-30800,COLA Fiat Qubo 1.4 (12/16),16960.95
C-40340,Cola Ford Focus II - 1.6 y 2.0 s/Baúl (08/13),20114.81
C-90720,Cola camión Iveco Tector 170 E28 (16->),92040.51
CATL-45,Catalizador Motores 1000 - 1600 c.c.,271485.98
CATL-51,Catalizador Motores 1600 - 2200 c.c.,287215.17
D-12,Salida Chevrolet 400 Super (66/74),40717.26
D-30,Salida Chevette y GMC 500 (92/93),64733.13
D-32,Salida Chevrolet Corsa 1.6 I 16V con y sin baúl (95/09),29623.64
D-33/3,Salida Chevrolet Corsa Diesel con y sin baúl (96/06),79483.99
D-37,Salida Chevrolet Corsa 1.8 I con y sin baúl (02/11),109839.08
D-37/1,Salida Chev. Corsa 1.8 con y s/baúl (02/11) y Meriva 1.8,45227.86
D-40,Salida Chevrolet Pick Up (66/72),43338.28
D-45,Salida Chevrolet Pick Up (73/78),40351.54
D-46,Salida Chevrolet Pick Up  Reforma Gas  (73/78),31452.26
D-51,Salida Chevrolet D-20 (93/96) y Silverado Maxion (97/02),74912.44
D-52,Sal.Chevr.Pick-up D-20-Turbo(96/98),84786.99
D-58,Salida Chevrolet S-10 - Maxion y Blazer 2.5  TD (97/00),59613.00
D-67,Salida Chev. Vectra 2.2 y 2.0 CD 16V,158602.26
D-70,Salida Ch. Vectra 2.0 GT y Astra II 2.0 8V s/Baúl (07/11),116909.74
D-74,Salida Chevrolet Astra - 2.0 con y sin baúl (99/06),124772.80
D-78,Salida Chevrolet Meriva 1.8 I (03/13),109534.31
D-90,Salida Dodge 1500 (71/73),57174.84
D-100,Salida Dodge 1500 (73/82),43582.10
D-101,Salida Dodge 1500 (73/82) y VW 1500 (83/92),72718.10
D-104/1,Salida VW Golf - 2.0 GTI (96/99) c/antirrígido,123127.05
D-110,Salida VW Polo - 1.6 I (97/09),67902.74
D-111,Salida VW Polo - Diesel 1.9 (96/09),97587.33
D-111/3,Salida VW Polo Diesel 1.9 (96/09) c/Flexible,105023.71
D-127,Salida VW Gacel GL y Senda 1.6(83/95) y Gol Nac. 1.6(93/95),47422.20
D-133,Salida VW Gacel GL y Senda 1.8 (88/95) y Gol 1.8 (92/93),64794.08
D-134,Salida VW Gol 1.8 (94/95) y Saveiro 1.8 (94/97),65220.76
D-140,Salida VW Saveiro 1.6 (92/94) y Gol Brasilero 1.6 (91/92),64245.50
D-142,Salida VW Senda Diesel (90/95) y Saveiro 1.6 Diesel (92/94),43704.01
D-145,Salida VW Gol - 1.6 I (96/98),54005.23
D-145/1,Salida VW Gol Diesel 1.6 (96/99),83811.73
D-147,Salida VW Gol 1.6 MI (98/11) y Gol Power 1.6 (09/11),65037.90
D-147/1,Salida VW Gol Diesel 1.9 (99/05),95941.57
D-148,Salida valiant IV - 2' mod. 68-71,57113.88
D-162,"Salida Fiat Palio, Palio Weekend y Siena 1.6 I (97/01)",127759.55
D-162/1,Salida Fiat Palio 1.6 16V (97/99),113618.22
D-162/3,"Salida Fiat Palio, Palio Weekend y Siena 1.6 I (97/01)",58881.55
D-162/4,"Salida Fiat Palio, Palio Weekend y Siena 1.6I (97/01) c/Flex",125626.16
D-163,Salida Fiat Palio y Siena - Diesel 1.7 (97/01),83567.91
D-163/1,"Salida Fiat Palio, Palio Weekend y Siena - Turbo Diesel 1.7",93930.09
D-177,Salida Fiat Palio Fire 1.3 (01/06),101915.06
D-177/3,Salida Fiat Palio Fire 1.3 (01/06) c/Flexible,115812.57
D-185,Salida Fiat 1500,41570.62
D-190,"Salida Fiat 128 - 1100, 1300 (71/91)",30720.81
D-195,Salida Fiat Duna - 1300 (88/90),58089.15
D-196,"Salida Fiat Uno 1500, Tipo 1.6 y Duna 1500, Tipo 1.6 y 1.4",56565.30
D-197,Salida Fiat Duna y Duna Weekend - Diesel 1300,62051.15
D-197/1,Salida Fiat Duna y Duna Weekend - Diesel 1.7 (92/97),40168.67
D-200,Salida Fiat 125 y 125 Multicarga,52420.43
D-206,Salida Fiat Uno Fire 1.3 I (04/15),95027.26
D-206/1,Salida Fiat Uno Fire 1.3 I (04/15),59491.09
D-214,"Salida Fiat 147 y Spazio - 1100, 1300 (83/91)",22552.97
D-215,Salida Fiat Spazio y Fiorino - Diesel 1300,53639.50
D-216,Salida Fiat Spazio y Fiorino Tipo 1.4,56016.71
D-217,Salida Fiat Regatta 1.5 (85/90),48153.65
D-222,Salida Fiat Regatta - 1.6 (90/95),61807.34
D-226,"Salida Ford Falcon - 170, 187 (62/92)",40107.72
D-227,"Salida 2do tramo F. Falcon 170, 187 (62/69) y 188 (70/82)",28709.33
D-230,Salida enterizo Ford Falcon - 188 (70/82),51628.02
D-231,Salida 1er tramo Ford Falcon - 188 (70/82),28709.33
D-235,Salida enterizo c/Dif. Ford Falcon - 221 (70/82),58393.92
D-236,Salida 1er trramo Ford Falcon - 221 (70/82),32427.52
D-237,Salida 1er trramo Ford Falcon - 221 (70/82),31939.89
D-240,"Salida enterizo c/Dif. Ford Falcon 188, 221 (82/89)",57967.24
D-241,"Salida 1er tramo Ford Falcon 188, 221 (82/89)",32427.52
D-242,"Salida 2do tramo Ford Falcon 188, 221 (82/89)",31939.89
D-244,Salida enterizo Ford Falcon - Max Econo (90/92),121786.06
D-250,Salida Ford Escort - 1.6 (86/90),59613.00
D-252,"Salida Ford Escort - Audi 1.6, 1.8, XR3 (91/92)",62234.02
D-252/1,"Salida c/Flex. Ford Escort - Audi 1.6, 1.8, XR3 (93/94)",100208.35
D-252/2,"Salida s/Flex. Ford Escort - Audi 1.6, 1.8, XR3 (93/94)",57357.70
D-260,Salida Ford Orion y Escort y VW Pointer (94/96),114593.49
D-260/1,Salida s/Flex. Ford Orion y Escort y VW Pointer (94/96),71681.88
D-263,Salida c/tuerca Sonda F. Escort Rural y Zetec 1.8 16V(97/03),152263.05
D-264,Salida Ford Escort - Diesel 1.8 sin Baúl (97/03),108985.72
D-280,Salida Ford F100 - 8 cilindros Fase II (72/81),55650.99
D-281,Salida Ford F100 - 8 cilindros Fase II (72/81),36206.67
D-290,Salida Ford F100 6 cilindros (69/81),34378.05
D-291,Salida Ford F100 Reforma Gas (69/89),29623.64
D-295,Salida Ford F100 - 6 cilindros Max Econo (93/96),62904.51
D-296,Salida Ford F100 Reforma Gas (90/96),61136.84
D-297,Salida Ford F100 Motor Deutz,60588.26
D-299,Salida Ford F100 - Turbo MWM (96/99),30172.22
D-302,Salida Ford F100 - Perkins 4/203 (69/81),51262.30
D-303,Salida Ford F100 Perkins 4 potenciado (69/81),50530.85
D-304,Salida Ford F100 Perkins 6 (64/68),51993.75
D-305,Salida Ford F100 Perkins 6/305 (73/83),59125.36
D-306,Salida Ford F100 Perkins 4/203 (82/90),38340.06
D-307,Salida  Ford F100 Perkins 4 potenciado (82/90),36511.44
D-308,Salida Ford F100 Diesel MWM 4 cilindros (93/95),42423.97
D-309,Salida Ford F100 HSD - Maxion 2.5 TD (96/99),27977.88
D-310,Salida Ford F100 Super Dutty - Cummins 3.9 TD (00/06),26088.30
D-315,Salida Ford Taunus GLX (79/82),17006.16
D-315/1,Salida Ford Taunus GLX (79/82) c/Protectores,35597.13
D-320,"Salida Ford Galaxy 2.0 (92/95) y VW Carat - 1.8, 2.0 (87/91)",68634.18
D-321,Salida Ford Galaxy - 2.0 I (93/95),72352.38
D-324,Salida c/reemp. Cataliz. Ford Fiesta y Ecosport 1.6I (02/07),73754.32
D-327,Salida c/reemplaza Catalizador Ford Ka 1.0 I (97/08),56565.30
D-333,Salida c/Reemp. Catal. Ford Focus 1.6 I con y s/Baúl (04/08),77350.60
D-340,Salida Ford Sierra 1.6 GL (87/92),64550.27
D-342,Salida Ford Sierra 2.3 (84/93),51384.21
D-344,Salida Ford Sierra XR4 Coupe y Ghia S (85/93),47605.06
D-367,Salida Jeep Ika,32610.38
D-370,Salida Ford Ranger 2.8 (02/04),31269.39
D-371,Salida Ford Ranger 3.0 (06/12),22126.30
D-380,Salida Renault R19 RN 1.6 s/Baúl y RE 1.6 c/Baúl,29623.64
D-382,Salida Renault R19 RT - 1700  c/Baúl  (92/94),49860.36
D-383,Salida Renault R19 - Diesel 1.9 (95/99) con y s/Baúl,29989.36
D-384,Salida Renault R19 RN - 1.6 I (95/97),39620.09
D-390,Salida Renault Clio 1.4 I (94/99),50713.71
D-391,Salida Renault Clio 1.6 I (96/99),39742.00
D-392,Salida Renault Clio y Express - Diesel 1.9 (96/00),29257.91
D-393,Salida Renault Clio II - Diesel 1.9 con y s/Baúl (00/03),75217.21
D-393/1,Salida Renault Clio II - 1.5 DCI  con y s/Baúl  (03/10),74120.04
D-394,Salida Renault Clio II - 1.6 16V  con y s/Baúl  (00/09),115142.07
D-394/3,Salida Renault Clio II -1.6 16V con y s/Baúl (00/09) c/Flex.,121115.56
D-396,Salida Renault Clio II - 1.2 16V con y s/Baúl,58515.82
D-406,Salida Renault Megane RT - 1.6 I (97/99),69365.63
D-406/1,Salida Renault Megane 1.6 16V y Scenic 1.6 y 2.0 16V,116604.97
D-406/3,Salida Renault Megane 1.6 16V y Scenic 1.6 y 2.0 16V c/Flex.,122883.23
D-407,"Salida Renault Megane RT, RXE y Scenic 2.0 I",92711.01
D-408,Salida Renault Megane y Scenic - TD 1.9,92650.05
D-408/3,Salida Renault Megane y Scenic 1.9 TD  c/Flexible,98562.59
D-409,Salida Renault Megane II - 1.6 16V c/Baúl (06/11),122578.46
D-420,Salida Torino 380W - 7 bancadas (76/82),103377.95
D-424,Salida Renault Trafic - 1400,47666.01
D-425,Salida Renault Trafic 2000 y Diesel,68390.37
D-430,Salida Renault 4L y 4S,9935.50
D-435,"Salida Renault 4L y 4S, Renault 6 - 2da serie",9935.50
D-440,"Salida Renault 21, 21 Alize y 21 Nevada (89/96)",67902.74
D-460,Salida Renault 12 - 1400 y 12 Break,41936.34
D-462,Salida Renault 12 1600 Caja 5ta.,42484.93
D-467,Salida Renault 18 y Break GTX (82/93) y Fuego (83/89),68085.60
D-468,Salida Renault 18 - Diesel (89/93),70279.94
D-475,Salida Renault 18 - 1400 (84/88),41570.62
D-476,Salida Renault 18 - 1600 Paragolpes envolvente (89/91),50287.04
D-480,Salida Renault 11 TL - 1400 (84/86),15665.17
D-480/1,Salida Renault 9 y 11 TS - 1400; Renault 9 y 11 - 1600,15055.63
D-481,Salida Renault 9 TXE - 1600 (88/93),19931.95
D-487,Salida Renault Kangoo 1.6 16V (05/18),114959.21
D-490,Salida Peugeot 404 (66/80) y Pick Up T5 (73/81),40046.77
D-495,Salida Peugeot 404 Diesel (71/78),24808.27
D-500,Salida Peugeot 504 (69/82),38218.15
D-510,Salida Peugeot 505 (81/82) y Pick Up 504 Nafta (81/99),42363.02
D-511,Salida Peugeot 504 (83/98) y 505 (83/94),45044.99
D-522,Salida Peugeot Pick Up 504 Diesel ligero (93/99),20358.63
D-530,Salida Peugeot 504 Diesel Ligero (88/98),36328.57
D-535,Salida Peugeot 405 SR (93/99),36206.67
D-540,Salida Peugeot 306 1.8 I (96/98) Reemplaza Catalizador,79423.04
D-549,Salida Peugeot 206 Diesel 1.9 (99/06),70645.67
D-550,Salida Rastrojero Indenor,37364.79
D-551,Salida Peugeot 206 1.6 16V y 1.4 8V (04/09) Reemp. Cataliz.,66074.12
D-551/1,Reemplaza Catalizador Peugeot 206 y 307 1.6 16V,51810.89
D-551/2,Camara reempl. Catal. Universal,41516.89
D-580,Salida Toyota Pick Up - Diesel  (81/83),65830.30
D-582,Salida Toyota Pick Up Hilux 4x2 - 2.8 Diesel (96/01),66622.70
D-583,Salida Toyota Pick Up Hilux 4x4 - 2.8 Diesel (96/01),67476.06
D-584,Salida Toyota Pick Up Hilux - Diesel 3.0 Doble Cab. (02/05),70889.48
D-630,Salida Scania Camion 113,150983.02
D-651,"Salida Ford F600, F700 - Perkins 6/354 (66/72)",34012.32
D-651/1,"Salida Ford F600, F700 - Perkins 6/354 (73/90)",34012.32
D-655,Salida Camión Ford Cargo 1722 (98/20),145253.34
D-680,Salida Camión Mercedes Benz 608,39924.86
D-681,Salida Mercedes Benz 710 (93/00),70218.99
D-691,"Salida Camión M. Benz 1112, 1114, 911",59491.09
D-692,Salida Camión M. Benz 1114 (84/90),60527.30
D-694,Salida Camión Mercedes Benz 1517,67293.20
D-695/1,Salida Camión M. Benz 1620 (94/98),104840.85
D-697,"Salida Mercedes Benz 1215, 1720",78569.68
D-700,Salida Camión Fiat 619,60405.40
D-704,Salida Iveco Daily 4910 Turbo (98/00),31513.21
D-2264,Salida Ford Fiesta Diesel 1.8 (95/96),81312.61
D-2265,Salida Ford Fiesta 1.3 I (95/96),62721.65
D-2560,Salida Peugeot 307 1.6 16V con y s/Baúl (01/12),70097.08
D-2650,"Salida Fiat Uno 70S, SX y 1300 IE (92/94)",56565.30
D-5240,Salida Derecha c/Silenc. Ford F100 - Max Econo (90/94),115263.98
D-5241,Salida Izquierda c/Silenc. Ford F100 - Max Econo (90/94),123309.91
D-5275,Downpipe Ford Ranger 2.2 XL y XLT (11/16),175364.61
D-5276,Downpipe Ford Ranger 2.2 150 CV (17/20),203036.77
D-5277,Downpipe Ford Ranger 2.2 160 CV (21/23),215480.71
D-5278,Downpipe Ford Ranger 3.2 XLS 200CV (17 ->),206938.77
D-5279,Downpipe Ford Ranger 3.2  200CV (11/16),179453.66
D-5280,"Downpipe Ford Ranger 3.2 XLT, LTD y FX4 (18 ->)",219434.34
D-5282,Downpipe Ford Ranger 3.0 V6 (23 ->),271153.21
D-5283,Downpipe Ford Ranger 2.0 BiTurbo (23 ->),170633.76
D-5284,Downpipe Ford Ranger 2.0 T (23 ->),161681.24
D-5290,Downpipe Ford Transit 2.2 TD (12/23),213210.03
D-5292,Downpipe Ford Transit  2.0 T (23 ->),235024.34
D-5300,Downpipe Ford Maverick 2.0 T (21 ->),263943.03
D-5301,Downpipe acople orig. Ford Maverick 2.0 T (21 ->),242164.94
D-5433,Salida VW Polo 1.6 MSI (17->),98745.45
D-5460,Salida Motor VW Bora 1.8T,213338.94
D-5475,Salida Motor VW Vento 2.0 T (07/15),191639.32
D-5476,Downpipe  VW Vento 1.4 T (19/23),246098.02
D-5477,Downpipe  VW Vento 1.4 T Sin Brida (19/23),231964.60
D-5480,Salida VW Up 1.0 (14/21),104840.85
D-5487,Downpipe VW Amarok 2.0 TDI 122CV y 140CV (10/18),128856.72
D-5488,Downpipe VW Amarok 2.0 140CV (18->),181399.05
D-5489,Downpipe VW Amarok 2.0 163CV (10/13),131172.97
D-5490,Downpipe VW Amarok 3.0 V6 (18 ->),222482.04
D-5491,Downpipe VW Amarok 2.0 180CV (14/18),130929.15
D-5492,Downpipe VW Amarok 2.0 180CV (18 ->),164880.52
D-5600,Salida Fiat Uno y Duna (88/98),50713.71
D-5610,"Salida Fiat 128 (71/91) caño Ø2""",54492.86
D-5615,"Salida Fiat 147 - 1100, 1300 (83/91)",52359.47
D-5660,Downpipe Fiat Toro 2.0 TD (16 ->),192005.05
D-5670,Salida Fiat Cronos 1.3 (18->),144582.59
D-5827,Downpipe Peugeot Partner 1.6 HDI (17/21),111606.54
D-5836,"Downpipe Peugeot 207, 208 y 308 1.6 THP",117945.96
D-6140,Downpipe Alaskan - Frontier 2.3 TD (18 ->),128470.51
D-6200,Salida Chevrolet Corsa 1.6 c/ y s/Baúl (95/09) y Pick Up 1.6,52664.24
D-6220,Downpipe Chevrolet S-10 2.8 TD (13/18),111850.56
D-6222,Downpipe Chevrolet S-10 2.8 TD (18/22),119774.58
D-6275,Downpipe Chevrolet Cruze 1.4 T (16/24),146278.17
D-6285,Downpipe Chevrolet Tracker 1.2 T (20->),162697.18
D-6420,Downpipe Toyota Hilux 2.8 y 2.4 (18 ->),195052.74
D-6420/1,Downpipe Toyota Hilux 2.8 y 2.4 (16/18)  s/Tuercas Sensores,159743.11
D-7200,Downpipe M. Benz Vito 111  1.6 CDI,130807.02
D-7400,Downpipe Iveco Daily 70-170 ( 20 ->),284538.56
D-20114,"Salida Fox, Cross Fox y Suran 1.6 (04/10)",125016.62
D-20147,Salida VW Gol Power 1.4 (12/15),76192.48
D-30500,Salida Fiat Cronos 1.3 AT y MT (18->),77899.05
D-30800,Salida Fiat Qubo 1.4 (12/16),72252.82
D-40108,Salida Ford Ecosport 1.5 (17/22),111057.97
D-40311,Salida Ford F100 - Cummins TD 3.9 (06/12),34134.23
D-40330,Salida Ford Focus 1.8 s/Baúl (00/05) y 2.0 c/Baúl (00/08),87347.06
D-50399,Salida Renault Clio Mio 1.2 (12/17),62234.02
D-50401,Salida Renault Sandero y Logan 1.6 16V (13/19),60039.57
D-50450,Salida Renault Sandero y Logan 1.6 8V (08/13),70097.08
D-50490,Salida Kangoo II 1.6 Sce (18->),63742.56
D-50700,"Salida Reemp. Catal. R. Duster,Logan,Oroch y Sandero 1.6 16V",58332.96
D-50704,Salida Reemp. Catal. Renault Duster 2.0 4x4 (12/18),129710.08
D-60112,Salida Peugeot Partner 1.4 (10/17),85762.25
D-60200,Salida Peugeot 307 1.6 16V (10/12) y 308 1.6 16V (12/22),74363.86
D-60560,Salida Peugeot 207 - 1.4 (08/16) y 1.6 16V (08/13),108924.77
D-60600,Salida Peugeot 208 - 1.5 8V (13/17) y 1.6 16V (13/19),76619.02
D-60602,Salida Reemp. Catalizador Peugeot 208 1.6 16V (19 ->),67415.10
D-80088,Salida Citroen C3 Picasso y C3 Aircross (10/21),75948.66
D-90657,Salida Camión Ford Cargo 1722 - Electronico (06/11),87164.20
D-90658,Salida Camión Ford Cargo 1722 (12/20),83811.73
DC-551,Salida c/Catalizador Peugeot 206 1.6 16V y 1.4 8V  (04/08),319094.10
DC-2560,Salida c/Catalizador Peugeot 307 1.6 16V c/ y s/Baúl (01/12),319459.82
DC-2564,Múltiple c/Cat. Peugeot 307 y 408; Citroen C4 y Picasso 2.0,414487.08
DC-10032,"Múlt. c/Catal. Ch. Corsa, Celta, Onix, Prisma y Agile - 1.4",409366.95
DC-10085,Salida c/Catalizador Chevrolet Aveo 1.6 (08/14),360725.67
DC-10260,Salida c/catalizador Chevrolet Tracker 1.2 T (20 ->),439772.96
DC-10800,Múlt. c/Cataliz. Ch. Cruze 1.8 (10/15) y Tracker 1.8 (12/20),395957.07
DC-10900,"Catalizador Inter. Ch. Prisma, Onix y Joy - 1.4 y Spin - 1.8",292579.12
DC-20157,"Múlt. c/Cataliz. VW Gol Trend, Suran, Fox y Voyage - 1.6",398821.91
DC-20200,Salida c/Catalizador VW UP 1.0 (14/21),376695.61
DC-30170,"Múltiple c/Cataliz. Fiat Palio, Strada y Siena - 1.6 E.torQ",398517.14
DC-30180,"Múlt. c/Catal. Fiat Palio, Siena y Strada - Fire 1.4 (07/14)",397419.97
DC-30190,"Múltip. c/Catal. Fiat Palio, Siena y Strada 1.4 Fire (14/20)",435820.98
DC-40100,Múltple c/Catalizador  Ford Ecosport Kinetic - 1.6  (12/17),456301.51
DC-40105,Múltiple c/Catalizador Ford Ecosport Kinetic 2.0 (13/17),493422.49
DC-40324,"Múltiple c/Cataliz. Ford Focus, Fiesta One y Ecosport - 1.6",424849.26
DC-40326,Múlt. c/Cataliz. Fiesta Kinetic 1.6 (10/20) y Ka 1.5 (16/21),456545.33
DC-40340,Múltiple c/Catalizador Ford Focus II - 2.0 (08/13),528166.26
DC-40341,Múltiple c/Catalizador Ford Focus II 1.6 (08/13),465017.93
DC-40343,Múltiple c/Catalizador  Ford Focus III 2.0  (13/20),466115.11
DC-50400,Múltiple c/Cataliz. Renault Logan y Sandero 1.6 8V (13/19),420460.57
DC-50401,Salida c/Catalizador Renault Sandero y Logan 1.6 16V (13/19),296236.36
DC-50700,"Salida c/Cataliz. R. Duster, Logan, Oroch y Sandero 1.6 16V",295626.82
DC-50702,Salida c/Catalizador Renault Duster y Oroch 2.0 16V,353533.10
DC-60200,Salida c/Catalizador Peugeot 307 y 308 1.6 16V,293249.61
DC-60600,Salida c/Cataliz. Peug. 208 1.6 16V (13/19) y 1.5 8V (13/17),316960.71
DC-70100,Salida c/Catalizador  Toyota Etios 1.5  (13->),303550.83
DE-10032,"Múlt. Reemp. Catal. Chev. Corsa, Celta, Onix y Agile - 1.4",172621.68
DE-20112,Salida Reempl. Catalizador VW Polo 1.6 MSI (17->),166343.42
DE-20157,"Múlt. Reemp. Cataliz. VW Gol Trend, Suran, Fox y Voyage- 1.6",160065.16
DE-30180,"Múlt. Reemp. Catal. Palio, Siena y Strada - Fire 1.4 (07/14)",167501.54
DE-30190,Múlt. Reemp. Catal. Fiat 1.4 Fire (14->),181629.61
DE-40340,Múltiple Reemp. Catalizador Ford Focus II - 2.0 (08/13),232721.99
I-32,Intermedia Chevrolet Corsa elimina catalizador,40229.63
I-60,Interm. Chevrolet Luv e Isuzu - Diesel 2.5 (95/99),52054.70
I-80,Intermedia Citroen 3CV Y AMI 8,21760.57
I-100,Precamara Dodge 1500 (73/82),62599.74
I-101,Intermedia Dodge 1500 (73/82),21211.99
I-104,Intermedia Volkswagen Golf - 2.0 GTI (96/99),18712.87
I-110,Precamara Reempl. Catalizador VW Polo 1.6 I,48031.74
I-140,Prec. interm. anula cat. VW Saveiro - 1.8 (94/97),61624.48
I-140/2,"Prec. Reempl. Catalizador Boquilla Ø1"" 7/8",41814.43
I-147,Intermedia Reempl. Catalizador VW Gol 1.6 MI,60222.54
I-147/1,Reemplaza Catalizador VW Gol Diesel 1.9,55468.12
I-147/2,"Turbo Reempl. Catalizador Boquilla Ø2""1/8",24930.18
I-148,Intermedia VW Gol 1.0 I (00/02),30111.27
I-162,Intermedia Fiat Palio - 1.6 I (97/01),53883.32
I-162/1,Intermedia Fiat Palio - 1.6 16V (97/99),57479.61
I-168,Reempl. Catalizador F. Palio 1.8 y Strada 1.8,69731.36
I-177,Reempl. Catalizador F. Palio Fire 1.3,38035.29
I-178,Intermedia Fiat Palio Fire 1.4,56443.39
I-185,Intermedia Fiat 1500,36511.44
I-196,Intermedia Fiat Uno y Duna,27429.29
I-196/1,Intermedia Fiat Uno 1500 Brasilero,25539.72
I-200,Intermedia Fiat 125,20907.22
I-216,Intermedia Fiat Spazio M.Tipo 1.4,26149.26
I-250,Intermedia Ford Escort 1.6,27246.43
I-252/1,Intermedia Ford Escort - Audi 1.6,32854.20
I-299,Intermedia Ford F-100 Turbo MWM (96/99),29928.41
I-306,Interm. F-100 Perkins 4/203 y Potenciado (82/90),18712.87
I-307,Interm. F-100 Perkins 4/203 y Potenciado (82/90),26636.89
I-308,Interm. F-100 Diesel MWM 4 cilindros (93/95),24564.46
I-309,Interm. F-100 HSD - Maxion 2.5 TD (96/99),23467.28
I-310,Interm. F-100 Super Dutty-Cummins TD 3.9 (00/06),39559.13
I-322,Intermedia s/silenc. Ford Fiesta 1.0 I (98),50469.90
I-325,Intermedia Ford Ka 1.3 I (97/99),68085.60
I-326,Intermedia Ford Ka 1.3 I (97/99),25783.53
I-327,Intermedia c/Turbo Ford Ka 1.0 I (97/08),63879.77
I-329,Intermedia c/Turbo Ford Ka 1.0 (08/10),61380.66
I-366,Intermedio chasis largo Jeep Ika,26697.84
I-370,Intermedia Ford Ranger 2.8 TD (96/98),45288.81
I-385,Intermedia R19 RT 1.8 I,46568.84
I-390,Interm. elim. Catalizador R Clio 1.4 I y 1.6 I,70889.48
I-393/1,Intermedia Clio II 1.5 DCI,24137.78
I-394,Intermedia R.Clio II 1.6 I 16V C/S/Baúl,106974.24
I-396,Intermedio c/turbo Renault Clio II 1.2 16V,47483.15
I-406,Precam. Interm. R. Megane RT - 1.6 I (97/99),102768.41
I-406/1,Intermedia R. Megane - 1.6 I 16V (00/09),52908.06
I-407,Precam. Intermedia R. Megane RT,55407.17
I-407/1,Interm. Reemp. Catalizador R. Megane RT y Scenic,72900.96
I-408,Intermedia R.Megane - 1.9 TD (97/09),64489.31
I-410/2,"Turbo reemplaza catalizador Boq. Ø2""",31757.03
I-425,Interm.corta R.Trafic 1400-2000 y Diesel,27673.11
I-426,Interm. larga R. Trafic 2000 y Diesel,32732.29
I-435,Intermedia 4L y 4S,15543.27
I-445,Intermedio Renault 6 2da Serie,33098.01
I-447,Intermedia R.Twingo (94/01),26393.07
I-460,Interm. 2do tramo Renault 12 - 1400 y Break,49250.82
I-460/1,"Prec. sin caño R.12 - 1400, Break y 1600 Caja 5ta",38157.19
I-461,"Int. 3er tramo R.12 - 1400, Break y 1600 Caja 5ta",30355.08
I-462,Precam. 2do tramos Renault 12 - 1600 Caja 5ta,47056.47
I-475,Precam. 2do tr. Renault 18 - 1400 (84/88),51567.07
I-475/1,Precam. 2do tr. Renault 18 - 1600 - Parag. envolv.,47300.29
I-476,Interm. 3er tr. R.18 - 1600 - Parag. envolv.,31574.16
I-490,Intermedia Peugeot 404 (66/80),29928.41
I-505,Resonador Peugeot 504 (69/82),69853.26
I-506,Interm. anula reson. Peugeot 504 (69/82),27185.48
I-510,Reson. Peugeot 504 (83/98) y 505 (83/92),53334.73
I-522,Interm. Peug. Pick Up 504 Nafta y Dies. Ligero,20785.31
I-528,Interm. Peugeot Partner - Diesel 1.9 (98/10),33585.64
I-547,Intermedia Peugeot 206 - 1.6 I Nacional (99/03),44435.45
I-549,Intermedia Peugeot 206 Diesel 1.9 (99/06),29562.68
I-551,Intermedia Peugeot 206 1.6 16V,31330.35
I-552,Intermedia Peugeot 206 1.4,32732.29
I-690,Interm. Corta Merc. Benz 1112 - 1114 - 911,11886.03
I-691,Interm. Larga Mercedes Benz 1112 - 1114 - 911,22004.39
I-694,Intermedia Corta Mercedes Benz 1517,13531.78
I-695,Intermedia Larga Mercedes Benz 1517,24503.50
I-697,Intermedia Mercedes Benz 1215 - 1720,28465.51
I-698,Intermedia Mercedes Benz 1938 (92/96),49311.77
I-2265,Intermedia Elim. Catalizador F. Fiesta 1.3 I (95/96),58515.82
I-2404,Intermedia c/Turbo Suzuki Fun 1.0 I,64733.13
I-2560,Intermedia Peugeot 307 - 308 1.6 16V,30111.27
I-5202,Intermedia c/silenc. Ford Escort Brida 3 agujeros,106669.47
I-5205,Int. c/sil. Ford Escort XR3 2.0 I,97290.17
I-5210,Intermedia c/silenc. Ford Escort 1.8 I 16V,111545.79
I-5218,Intermedia c/silenc. Ford Focus 1.8 I,113130.59
I-5219,Intermedia c/silenc.  Ford Focus II 1.6,116726.88
I-5220,Intermedia c/Silenc. Ford Focus II 2.0,136110.24
I-5228,Intermedia c/Silenc. Ford Ka 1000,87042.29
I-5233,Int. c/sil. Diesel Ford Fiesta 1.3I,93747.23
I-5236,Intermedia c/silenc. Ford Fiesta - 1.6 I (02/14),85457.48
I-5251,Intermedia c/silenc.  Ford Ka 1.0 y 1.6 (10/14),84543.17
I-5260,Intermedia c/silenc. Ford Fiesta Kinetic Design 1.6,103804.63
I-5275,Intermedia Ford Ranger 2.2 y 3.2  (11/16),63331.19
I-5277,Intermedia Ford Ranger 2.2 y 3.2  (20/23),58169.08
I-5278,"Interm. Elimina DPF Ford Ranger 2,2 y 3,2 (17/20)",70828.53
I-5283,Intermedia Ford Ranger 2.0 Turbo y Bi Turbo (23 ->),54373.49
I-5290,"Imterm. Elimina DPF Ford Transit 2,2 TD (12/23)",62412.48
I-5300,Intermedia c/silenc. Ford Maverick 2.0 T (21 ->),158825.58
I-5400,"Intermedia s/silenc. VW Senda, Gacel y Gol 1.6",42423.97
I-5411,"Intermedia s/silenc. VW Senda, Gol, Saveiro",43094.47
I-5415,"Intermedia c/silenc. VW Gol 1.6 I, 1.8 I, 2.0 I",89785.22
I-5417,Intermedia  VW Gol - 1.6 MI (98/11),98440.68
I-5418,Intermedia c/silenc.  VW Gol 1.4,89114.72
I-5419,Intermedia c/Silenc. VW Gol Trend 1.6,113252.50
I-5419/1,Intermedia Libre VW Gol Trend 1.6,77350.60
I-5433,Intermedia c/silenc. VW Polo 1.6 MSI (17 ->),90516.66
I-5435,"Intermedia c/silenc.  Golf - 1.8 I, 2.0 I y GTD",76680.11
I-5437,Intermedia c/silenc.  VW Golf IV - 1.6 I (99/12),74241.95
I-5445,Intermedia c/Silenc. VW Fox 1.6 (04/19),71559.98
I-5460,Intermedia Libre VW Bora 1.8 T (03/15),97282.56
I-5465,Intermedia Libre VW Bora 2.0,74790.54
I-5470,Intermedia c/silenc. VW Vento 2.5,107583.78
I-5475,Intermedia c/silenc. VW Vento 2.0 T (07/15),140194.16
I-5475/1,Intermedia libre VW Vento 2.0 T (07/15),116470.59
I-5476,Intermedia c/silenc. VW Vento 1.4 T (19/23),107686.09
I-5480,Intermedia c/Silenc. VW Up 1.0 (14/21),102707.46
I-5489,Intermedia Libre VW Amarok 2.0 TD (10->),76834.02
I-5490,Elimina DPF VW Amarok 3.0 V6 (18 ->),58515.82
I-5491,Intermedia VW Amarok 3.0 V6 (18 ->),87895.64
I-5491/1,"Intermedia Ø 3""  VW Amarok 3.0 V6 (18 ->)",90118.26
I-5600,Intermedia c/silenc.  Fiat Uno y Duna,109960.98
I-5600/1,Intermedia Libre Fiat Uno y Duna,70767.57
I-5604,Intermedia c/silenc.  Fiat Uno Evo 1.4 (10/16),82287.88
I-5616,Intermedia Libre Fiat 147 motor Tipo (90/96),52481.38
I-5627,Intermedia c/silenc. Fiat Palio 1.6,86493.70
I-5645,Intermedia c/Silenc. Fiat Palio 1.8 (04/10),103134.14
I-5646,Intermedia c/Silenc. Fiat Palio 1.4 Fire,86493.70
I-5648,Intermedia c/Silenc. Fiat Palio 1.6 EtorQ,85579.39
I-5650,Intermedia c/Silenc. Fiat Punto 1.4 y 1.8,92711.01
I-5670,Intermedia c/silenc.  Fiat Cronos 1.3 (18 ->),95697.63
I-5800,Intermedia c/silenc. Peugeot 505 (83/93),82714.55
I-5831,Intermedia c/silenc. Peugeot 206 - Nacional,85945.12
I-5833,Intermedia c/silenc. Peugeot 206 16V (04/08),90089.99
I-5834,Intermedia c/silenc.  Peugeot 207 1.4,100025.49
I-5837,Intermedia c/silenc.  Peugeot 208 1.5 (13/17),107522.83
I-5838,"Internedia c/silenc. Peugeot 208 1,6 16V (13/19)",108741.71
I-5839,Intermedia c/silenc. 208 1.6 16V  (19 ->),102036.97
I-5862,"Interm. Elimina DPF P. Expert y Cit. Jumpy 1,6 HDI  (22->)",28709.27
I-5870,Interm. Elimina DPF Peu. Boxer y Cit. Jumper 2.2 HDI (18/22),63757.76
I-6010,Intermedia c/silenc. R 18 - 2.0 paragolpes viejo,103499.86
I-6051,Intermedia Renault Laguna - 2.2 I (95 -),85457.48
I-6055,Intermedia c/silenc. Renault Clio 1.4 y 1.6,103377.95
I-6058,Int. c/sil. Clio II- 1.6 y Dies,83019.32
I-6059,Intermedia c/silenc. Clio II -1.6 I 16V,73571.46
I-6060,Intermedia c/silenc.  Clio II - 1.2 I 16V - S/Baul,74790.54
I-6061,Intermedia c/silenc. Clio II 1.2 16V c/ y s/baul (03/12),66866.52
I-6062,Intermedia c/silenc.  Renault Clio Mio 1.2,83446.00
I-6065,Interm. c/Silenc. Renault Express - 1.9 Diesel (96/00),89480.45
I-6070,Intermedia c/silenc. Renault Megane,77228.70
I-6072,Intermedia c/silenc. Renault Megane II,72961.92
I-6094,Intermedia c/silenc. R. Logan y Sandero 1.6 8V y 16V (13/19),101305.52
I-6120,Intermedia c/silenc.  Renault Fluence 2.0 (10/18),86127.98
I-6130,Intermedia c/silenc. Renault Kwid 1.0 (17 ->),79666.86
I-6200,"Intermadia c/silenc. Ch. Corsa 1.6, Classic 1.4 y Celta 1.4",100452.16
I-6210,Intermedia c/silenc. Chevrolet Corsa 1.6 I Pick Up (96/99),108802.86
I-6222,Interm. Elimina DPF Chevrolet S-10 2.8 TD (18/22),156956.51
I-6232,Intermedia c/silenc. Chevrolet  Astra 2.0 S/Baúl,87529.92
I-6270,Intermedia c/silenc.  Chevrolet Agile - 1.4 (09/17),102402.69
I-6276,Intermedia Chevrolet Cruze 1.4 T (16/24),89755.52
I-6280,Intermedia c/silenc. Chevrolet Onix 1.4 (13/19),111606.74
I-6800,Intermedia c/silenc. Citroen C3 1.6 16V (03/13),107461.87
I-6802,Intermadia c/silenc. Citroen C3 1.6 16V (13/22),85457.48
I-7000,Silenc. Intermedio RAM 1500 5.7 V8 (13->),102402.69
I-10032,Intermedia Chevrolet Agile y Corsa 1.4 (09/17),83141.23
I-10250,Intermedia Chevr. Tracker 1.8 (12/20),103499.86
I-10300,Reempl. Catal. Chevrolet Prisma y Onix 1.4 y Spin 1.8 (13->),42562.07
I-10301,Intermedia Chevrolet Onix 1.4 (13->),38218.15
I-10350,Intermedia Chevrolet S-10 2.8 (13/17),140194.16
I-10800,Intermedia Chevrolet Cruze 1.8 (10/15),88688.04
I-10900,Intermedia Chevrolet Spin 1.8 (12->),78630.64
I-10901,Intermedia c/Turbo Chevrolet Spin 1.8 (12->),60344.44
I-20114,Intermedia VW Fox y Suran 1.6 (10/19),24015.87
I-20148,Reemplaza Catalizador VW Gol 1.6 (09/11),67719.87
I-20157,Intermedia VW Gol Trend 1.6,77594.42
I-20158,Intermedia Trasera VW Gol Trend 1.6,30598.90
I-20161,Intermedia VW Saveiro 1.6 (10/22),31757.03
I-20700,Intermedia VW Amarok 2.0 TDI (10 ->),25905.44
I-30170,Intermedia Fiat Palio E.torQ 1.6 (12/17),72779.06
I-30176,Intermedia Fiat Palio Weekend 1.6 E.torQ (10/17),80764.03
I-30181,Intermedia Fiat Palio Weekend Fire 1.4,62173.06
I-30190,Intermedio Fiat Fiorino 1.4 Fire (14->),58515.82
I-30204,Intermedia Libre Fiat Fiorino - 1.3 Fire,37791.47
I-30206,Intermedia Libre Fiat Uno Fire - 1.3 (04/15),38522.92
I-30400,Intermedia Libre Fiat Strada 1.4 Fire (09/20),29806.50
I-30499,Intermedia Libre Fiat Cronos 1.3 MT (18->),53151.78
I-30500,Intermedia Libre Fiat Cronos 1.3 AT (18->),51932.72
I-30600,Intermedia Fiat Mobi 1.0 8v Fire (16/21),73966.81
I-40324,Intermedia Ford Ecosport 1.6 (08/12),29928.41
I-40325,Caño Reforma Gas Ecosport 1.6 (08/12),21638.64
I-40329,Intermedia Ford Ka 1.0  (08 - 10),85152.71
I-40330,Intermedia Ford Focus 1.8,127454.78
I-40333,Intermedia Ford Focus 1.6 (08/12),36877.16
I-50100,Intermedio c/turbo Renault Kwid 1.0 (17 ->),41997.29
I-50399,Intermedia c/Turbo Renault Clio Mio,47970.78
I-50400,Intermedia Renault Sandero y Logan 1.6 8V,35353.31
I-50401,Intermedia c/Turbo R. Logan y Sandero 1.6 8V (13/19),56809.11
I-60109,Intermedia Peugeot Partner 1.6 HDI (10 ->),58231.21
I-60110,Intermedia Peugeot Partner 1.6 HDI (10 ->),44496.41
I-60302,Intermedia Peugeot 408 - 1.6 16V (15/21),33219.92
I-60560,Intermedia Peugeot 207 1.4 s/Baúl,44435.45
I-60561,Intermedia Peugeot 207 1.4 c/Baúl,46934.57
I-60562,Intermedia Peugeot 207 1.6 16V s/Baul (08/13),25174.00
I-60563,Intermedia Peugeot 207 1.6 16V c/Baúl (09/12),27673.11
I-60600,Intermedia Peugeot 208 1.5,56077.66
I-60602,Intermedio Peugeot 208 1.6 16V (19 ->),49494.63
I-70100,Turbo Delantero Toyota Etios 1.5 s/Baul (13->),62477.83
I-70101,Turbo Delantero Toyota Etios 1.5 c/Baul (13->),62477.83
I-80100,Intermedia Citroen C3 1.5 8V (13 ->),57052.93
I-80601,Intermedio Jeep Compass 2.4 (17 ->),22918.70
I-80650,Intermedia Jeep Renegade 1.8 (16/25),83586.47
I-90638,Intermedia Camión Scania 114,54736.68
I-90696,Intermedia Camion M.Benz 1634,76923.93
I-90800,Intermedia Camion VW 19320 y 25370 (08/15),88383.29
MU-5220,"Múltiple Ford Focus II, Focus III y Ecosport - 2.0",152628.77
MU-5250,"Múltiple Ford Fiesta, Ecosport, Focus y Ka - 1.6; F. Ka 1.0",125748.07
MU-5260,"Múltiple F. Fiesta Kinetic, Ecosport Kinetic y Focus II -1.6",128308.13
MU-5416,Múltiple VW Gol - 1.6 MI (98/11),146899.10
MU-5417,Múltiple VW Gol Power 1.4 (12/15),133245.41
MU-5419,"Múltiple VW Gol Trend, Voyage, Suran, Fox y Cross Fox - 1.6",122700.37
MU-5465,Múltiple VW Bora - 2.0 (03/15),140498.93
MU-5600,"Múltiple Fiat 147 Tipo, Uno y Duna",115812.57
MU-5646,Múltiple Fiat Palio  y Siena -  Fire 1.4,130014.85
MU-5647,Múltiple Fiat Palio 1.4 Fire (11/14) y Uno Evo 1.4 (10/16),126052.84
MU-5648,Múltiple Fiat Palio y Strada - 1.6 E.torQ,122334.64
MU-5833,M£ltiple Peugeot 206 y 307 1.6 16V,136536.92
MU-5834,Múltiple Peugeot 207 1.4 (08/16) y 208 1.5 (13/17),128247.18
MU-6059,Múltiple Renault Clio II - 1.2 16V (03/12),127271.92
MU-6060,Múltiple Renault Clio Mio 1.2 (12/17),124407.08
MU-6070,"Múltiple Renault Megane, Logan y Sandero - 1.6 8V",124772.80
MU-6200,Múltiple Chevrolet Corsa 1.6  (95/09),169817.80
MU-6201,"Múltiple Ch. Corsa 1.6; Corsa II, Agile, Celta y Onix - 1.4",134037.81
MU-6230,"Múltiple Chevrolet Astra, Astra II y Zafira - 2.0 8V",137451.23
MU-6232,"Múltiple Ch. Astra y Zafira 2.0 16V; Vectra 2.0, 2.2 y 2.4",148910.58
MU-6250,Múltiple Chevrolet Astra II y Vectra - 2.0 8V (07/11),137451.23
MU-6410,Múltiple Toyota Pick Up Hilux 3.0 4x2 (01/05),152750.68
S-10,Silenciador Chevrolet 400 (62/65),45593.58
S-80,Disparador Citr”en 3CV y Ami 8,104840.85
S-81,Sil. Central Orig. c/cola Citroen 3CV y Ami 8,58393.92
S-170,Conjunto Completo Fiat 600 y 750,75887.71
S-175,Conjunto Completo Silenciador Fiat 600,120262.21
S-190,"Silenc. Delantero Fiat 128 - 1100, 1300 (71/91)",107888.55
S-191,"Silenc. trasero Fiat 128 - 1100, 1300 (71/91)",91248.11
S-270,Silenc. F100 8 cil. (66/72) y 6 cil. (69/81),62416.88
S-280,"Sil. F100 8 Cil. Fase II (72/81), 6 cil. (82/89) y Perkins 4",62721.65
S-365,Silenciador Jeep Ika,37974.33
S-435,Silenciador Renault 4L y 4S,77533.47
S-445,Precam. Delantera Renault R6 - 2da Serie,50104.17
S-446,Precam. Trasera Renault R6 - 2da Serie,47483.15
S-480/1,Precamara R11 y R9,60771.12
S-550,Silenciador Rastrojero Indenor,43764.96
S-635,Silenc. Interm. Scania Camión 113 y Colectivo,147142.91
S-680,Silenciador Mercedes Benz 608,73693.37
S-681,Silenciador Mercedes Benz 710 (93/00),114654.44
S-690,"Silenc. Universal - Tapa 180 x 900 mm - Boq. Ø 2"" 5/8",68573.23
S-690/1,"Silenc. Universal - Tapa 180 x 900 mm - Boq. Ø 2"" 5/8 c/Int.",107888.55
S-696,"Silenciador Camion Mercedes Benz 1634, 1632 - 1938e",397480.92
S-698,Silenc. Mercedes Benz 1938 (92/96),204439.66
S-752,"Silenc. Universal - Tapa 160 x 600 mm - Boq. Ø 2"" 5/8",50713.71
S-752/1,"Silenc. Universal - Tapa 160 x 600 mm - Boq. Ø 2"" 5/8 c/Int.",84421.27
S-753,"Silenc. Universal - Tapa 160 x 600 mm - Boq. Ø 3"" 1/8",52298.52
S-753/1,"Silenc. Universal - Tapa 160 x 600 mm - Boq. Ø 3"" 1/8 c/int.",85823.21
S-754,"Silenc. Universal - Tapa 180 x 900 mm - Boq. Ø 3"" 1/8",70097.08
S-754/1,"Silenc. Universal - Tapa 180 x 900 mm - Boq. Ø3"" 1/8 c/Int.",109290.49
S-755,"Silenc. Universal - Tapa 180 x 900 mm - Boq. Ø3"" 5/8",75582.94
S-755/1,"Silenc. Universal - Tapa 180 x 900 mm - Boq. Ø3"" 5/8 c/int.",104718.94
S-760/1,"Silenc. Universal - Tapa 250 x 1000 mm - Boq. Ø3"" 1/8 c/Int.",177741.81
S-761,"Silenc. Universal - Tapa 250 x 1000 mm - Boq. Ø3"" 5/8",117458.32
S-761/1,"Silenc. Universal - Tapa 250 x 1000 mm - Boq. Ø3"" 5/8 c/Int.",181520.96
S-762,"Silenc. Universal - Tapa 250 x 1000 mm - Boq. Ø4"" 1/8",120384.12
S-762/1,"Silenc. Universal - Tapa 250 x 1000 mm - Boq. Ø4"" 1/8 c/Int.",184141.98
S-768,"Silenc. Univ. Ovalado Boq. Ø3""1/8 desplazada - 900mm",99050.22
S-768/1,"Silenc. Univ. Ovalado Boq. Ø3""1/8 desplazada - 900mm c/int.",150983.02
S-769,"Silenc. Univ. Ovalado Boq. Ø3""1/2 desplazada - 900mm",103134.14
S-769/1,"Silenc. Univ. Ovalado Boq. Ø3""5/8 desplazada - 900mm c/Int.",159516.57
S-770,"Silenc. Univ. Ovalado Boq. Ø4""1/8 desplazada - 900mm",106181.84
S-770/1,"Silenc. Univ. Ovalado Boq. Ø4""1/8 desplazada - 900mm c/int.",157444.14
S-771,Silenc. Univ. Oval. - Ent. desp. y sal. al centro -  900mm,106181.84
S-771/1,Silenc. Univ. Oval.-Ent. desp. y sal. al centro-900mm c/int.,157444.14
S-780,"Silenc. Universal - Tapa 250 x 600 mm - Boq. Ø3"" 1/8",89846.17
S-780/1,"Silenc. Universal - Tapa 250 x 600 mm - Boq. Ø3"" 1/8 c/Int.",124589.94
S-781,"Silenc. Universal - Tapa 250 x 600 mm - Boq. Ø3"" 5/8",94112.95
S-781/1,"Silenc. Universal - Tapa 250 x 600 mm - Boq. Ø3"" 5/8 c/Int.",125199.48
S-782,"Silenc. Universal - Tapa 250 x 600 mm - Boq. Ø4"" 1/8",96794.92
S-782/1,"Silenc. Universal - Tapa 250 x 600 mm - Boq. Ø4"" 1/8 c/Int.",127637.64
S-790/2,"Silenc. Univ. Ovalado Boq. Ø4""1/8 desplazada - 600mm",93503.41
S-815,Silenc. Tractor M. Ferguson 4-203 y 6-305,56443.39
S-816,Silenc. Tractor M. Ferguson 6-354 FII y FIV,59552.04
S-840,Silenciador Tractor Fiat 700,62477.83
S-850,Silenciador Cosechadora Vasalli RV 170 y V 1550,150190.61
S-5000,"Cámara Universal Red.    300mm x 5""    Boquilla Ø2"" 1/8",37791.47
S-5000/1,"Cámara Universal Red.    300mm x 4""    Boquilla Ø2"" 1/8",34317.09
S-5001,"Cámara Universal Red.    400mm x 5""    Boquilla Ø2"" 1/8",45715.49
S-5001/1,"Cámara Universal Red.    400mm x 4""    Boquilla Ø2"" 1/8",39437.23
S-5002,"Cámara Universal Red.    500mm x 5""    Boquilla Ø2"" 1/8",54431.91
S-5002/1,"Cámara Universal Red.    500mm x 4""    Boquilla Ø2"" 1/8",46568.84
S-5003,"Cámara Universal Oval.   300mm x 5""    Boquilla Ø2"" 1/8",39924.86
S-5004,"Cámara Universal Oval.   400mm x 5""    Boquilla Ø2"" 1/8",46507.89
S-5005,"Cámara Universal Oval.   500mm x 5""    Boquilla Ø2"" 1/8",54980.49
S-5010,"Cámara Universal Red.    300mm x 5""    Sin Boquilla",37364.79
S-5010/1,"Cámara Universal Red.    300mm x 4""    Sin Boquilla",32488.47
S-5011,"Cámara Universal Red.    400mm x 5""    Sin Boquilla",43947.82
S-5011/1,"Cámara Universal Red.    400mm x 4""    Sin Boquilla",37608.61
S-5012,"Cámara Universal Red.    500mm x 5""    Sin Boquilla",52664.24
S-5012/1,"Cámara Universal Red.    500mm x 4""    Sin Boquilla",44435.45
S-5013,"Cámara Universal Oval.   300mm x 5""    Sin Boquilla",41265.85
S-5014,"Cámara Universal Oval.   400mm x 5""    Sin Boquilla",44679.27
S-5015,"Cámara Universal Oval.   500mm x 5""    Sin Boquilla",53212.83
S-5021,"Cámara Universal Oval.  2 entr y 2 sal.   300mm-Boq. Ø2"" 1/8",56443.39
S-5022,"Cámara Universal Oval.  2 entr y 2 sal.   400mm-Boq. Ø2"" 1/8",64855.04
S-5030,"Cámara Universal Oval.  1 entr y 2 sal.   400mm-Boq. Ø2"" 1/8",66683.66
S-5031,"Cámara Universal Oval.  1 entr y 2 sal.   500mm-Boq. Ø2"" 1/8",73510.50
S-5050,"Cámara Univ. Oval. entr y  sal. desplaz.  400mm-Boq. Ø2"" 1/8",62843.56
S-5055,Cámara Universal Oval.  1 entr y 2 sal.   400mm  Sin Boq.,66135.07
S-5060,Cámara Universal Oval.  1 entr y 2 sal.   500mm  Sin Boq.,71316.16
S-5070,"Cámara Universal Red. 400mm x 5""  Sin Boq.   Caño Ø2"" 1/2",45227.86
S-5071,"Cámara Universal Red. 500mm x 5""  Sin Boq.   Caño Ø2"" 1/2",54797.63
S-5080,"Cámara Universal Red. 400mm x 6""  Sin Boq.   Caño Ø3""",57906.28
S-5081,"Cámara Universal Red. 500mm x 6""  Sin Boq.   Caño Ø3""",68268.46
S-5100,Cámara Universal Cola  Acero Inox. con Chanfle,59734.90
S-5110,Cámara Universal con Boq. y Cola Acero Inox. con Chanfle,61563.52
S-5111,Cámara Universal con Boq. y Cola Acero Inox. Recta,61563.52
S-5218,Silenc. Tras. Ford Focus 1.6 y Zetec 1.8 I   s/Baúl,60527.30
S-5220,Silenc. Tras. Ford Focus II - 1.6 y 2.0 (09/13)   s/Baúl,63514.05
S-5222,Silenc. Tras. Ford Focus III - 2.0 (13/20),92406.24
S-5228,Silenc. Tras. Ford Ka - 1.0 I y 1.6 I (03/08),66074.12
S-5236,Silenc. Tras. Ford Fiesta - 1.6 I y Ecosport 1.6 I,65098.85
S-5238,Silenc. Tras. Ford Ecosport 1.6 I (03/12) y 2.0 (03/10),66256.98
S-5251,Silenc. Tras. Ford Ka 1.0 y 1.6 (10/14),59491.09
S-5252,Silenc. Tras. Ford Ka - 1.5 (16/20),77106.79
S-5260,Silenc. Tras. Ford Fiesta Kinetic - 1.6 16V s/Baúl (10/20),76375.34
S-5275,Silenc. Tras. Ford Ranger 2.2 y 3.2,147508.64
S-5282,Silenc. Tras. con cola Ford Ranger 3.0 V6 (23 ->),132225.12
S-5283,Silenc. Tras. con cola Ford Ranger 2.0 T y BiT (23 ->),127308.56
S-5292,Sil. Interm. y Tras. Ford Transit  2.0 Turbo (23 ->),227646.45
S-5300,Silenc. Tras. Ford Maverick 2.0 T (21 ->),122050.38
S-5400,"Silenc. Tras. con Cola VW Senda - 1.8, 1.6 y Diesel",101427.43
S-5401,"Silenc. Tras. con Cola   VW Saveiro 1.6, 1.8 (92/97)",101427.43
S-5402,"Silenc. Tras. s/Brida con Cola VW Senda - 1.8, 1.6 y Diesel",90516.66
S-5410,Silenc. Tras. con Cola VW Gol 1.8 y Nacional 1.6 (92/95),94844.40
S-5411,Silenc. Tras. s/Brida c/Cola VW Gol 1.8 y Nacio. 1.6 (92/95),85152.71
S-5415,"Silenc. Tras. VW Gol 1.6 I, 1.8 I, 2.0 I y Dies. 1.6 (96/98)",77411.56
S-5416,"Silenc. Tras. VW Gol 1.6 MI, Power 1.4 y 1.0 I Parag. Envol.",79423.04
S-5419,Silenc. Tras. VW Gol Trend 1.6 (08/22),80276.40
S-5420,Silenc. Tras. VW Voyage 1.6 (07/20),85152.71
S-5433,Silenc. Tras. VW Polo 1.6 MSI (17->),113618.22
S-5435,"Silenc. Tras. VW Golf - 1.8 I, 2.0 I y GTD 1.9 (96/99)",81983.11
S-5437,Silenc. Tras. VW Golf IV - 1.6 I (99/12),85091.76
S-5445,Silenc. Tras. c/Cola VW Fox y Cross Fox - 1.6 (04/19),84360.31
S-5460,Silenc. Tras. VW Bora - 1.8 T (03/15),129161.49
S-5465,Silenc. Tras. VW Bora - 2.0 (03/15),120262.21
S-5470,Silenc. Tras. VW Vento - 2.5 (07/17),105145.62
S-5475,Silenc. Tras. VW Vento - 2.0 T (07/15),121603.20
S-5476,Silenc. Tras. VW Vento 1.4 T (19/23),133681.29
S-5480,Silenc. Tras. VW UP - 1.0 (14/21),71925.70
S-5491,"Silenc. Tras. c/Cola 2"" 1/2 VW Amarok - 3.0 V6 (18->)",145801.93
S-5491/1,"Silenc. Tras. c/Cola 3""   VW Amarok - 3.0 V6 (18->)",149782.95
S-5600,"Silenc. Tras.  2""  Fiat Uno (88/98)",79362.09
S-5602,"Silenc. Tras. 2"" 1/4  Fiat Uno (88/98)",77350.60
S-5604,Silenc. Tras. Fiat Uno Evo 1.4 (10/16),75034.35
S-5610,"Silenc. Tras. c/Cola 2""   Fiat 128 (71/91)",93686.27
S-5611,"Silenc. Tras. s/Brida, c/Cola 2""   Fiat 128 (71/91)",83994.59
S-5615,"Silenc. Tras. c/cola 2""   Fiat 147 - 1100, 1300 (83/91)",91918.61
S-5616,"Silenc. Tras. s/Brida, c/cola 2"" Fiat 147-1100, 1300 (83/91)",82226.92
S-5627,"Silenc. Tras.  Fiat Palio 1.6 16V, 1.7 TD y 1.3 Fire",75704.85
S-5630,Silenc. Tras.   Fiat Strada 1.8 I (04/10),74729.58
S-5645,Silenc. Tras. Fiat Palio 1.8 (04/10) y 1.6 E.torQ (10/11),75461.03
S-5646,Silenc. Tras. Fiat Palio - 1.4 Fire (07/14),74851.49
S-5649,Silenc. Tras. Fiat Palio E.torQ 1.6 (12/17),80824.98
S-5650,Silenc. Tras. Fiat Punto 1.4 (07/18) y 1.8 (07/11),75887.71
S-5670,Silenc. Tras.  Fiat Cronos 1.3 (18->),83933.57
S-5801,Silenc. Tras. Peugeot 504 y 505 (83/98),80337.35
S-5810,Sil. Tras. Peugeot 205 (94/99),68329.41
S-5820,Sil. Tras. Peugeot 306 s/ba£l  ( 96 - 98),69304.68
S-5822,Sil. Tras. Peugeot 306 - 1.8MPI-s/ba£l,71803.79
S-5831,Silenc. Tras.   Peugeot 206 - 1.6 I Nacional (00/04),71133.30
S-5833,Silenc. Tras. Peugeot 206 1.6 16V y 207 1.6 16V y 1.4,74912.44
S-5837,Silenc. Tras. Peugeot 208 1.5 (13/17) y 1.6 16V (13/19),71377.11
S-5839,Silenc. Tras. Peugeot 208 1.6 16V (19 ->),70401.85
S-6020,Sil. Tras. R 11  (84-95),81373.57
S-6052,Sil. Tras. Renault Laguna - 2.2 I (95-02),101488.38
S-6056,Silenc. Tras. Renault Clio 1.6 I y Diesel 1.9 (96/99),74546.72
S-6058,"Silen. Tras. R.Clio II 1.6I, 1.9 Dies, 1.5 DCI y 1.2I s/Baúl",80276.40
S-6059,"Silen. Tras. R.Clio II 1.6I, 1.9 Dies, 1.5 DCI y 1.2I C/Baúl",86615.61
S-6061,Silenc. Tras. Renault Clio II - 1.2 16V   s/Baúl   (03/12),72108.56
S-6062,Silenc. Tras. Renault Clio II - 1.2 16V   c/Baúl   (03/10),78082.05
S-6063,Silenc. Tras. Renault Clio Mio - 1.2 (12/17),73937.18
S-6065,Silenc. Tras. Renault Express - Diesel 1.9 (96/00),83689.82
S-6070,"Silenc. Tras. R. Megane - 1.6 I 8V, 1.9 TDI y 2.0 I - s/Baúl",89541.40
S-6072,Silenc. Tras. R. Megane - 1.6 I  16V - s/Baúl  (00/09),92771.96
S-6094,Silenc. Tras. Renault Sandero 1.6 8V y 16V (13/19),82897.42
S-6120,Silenc. Tras. Renault Fluence - 2.0 (10/18),85457.48
S-6130,Silenc. Tras. Renault Kwid - 1.0 (17 ->),84969.85
S-6200,Silenc. Tras. Chev. Corsa 1.6 s/Baúl (95/08) y Classic 1.4 I,68512.28
S-6201,Silenc. Tras. Chevrolet Corsa - 1.6 I   c/Baúl   (95/09),69121.82
S-6232,Silenc. Tras. Chev. Astra y Astra II - 2.0  s/Baúl  (99/11),77289.65
S-6270,Silenc. Tras. Chevrolet Agile - 1.4 (09/17),69426.59
S-6275,Sil. Tras. Dep. Chevrolet Cruze 1.4T s/Baúl (16/24),119008.90
S-6276,Sil. Tras. Deport. Chevrolet Cruze 1.4T c/Baúl (16/24),121858.66
S-6280,Silenc. Tras. Chevrolet Prisma y Onix 1.4 (13/21),69548.49
S-6400,Silenc. Toyota Pick Up Hilux 4x4 - 2.8 Diesel,139279.85
S-6420,Interm. c/Silenc. Toyota Pick Up Hilux 2.8 (16->),180423.64
S-6800,Silenc. Tras. Citroën C3 1.6 16V (03/13),70279.94
S-6802,Silenc. Tras. Citroën C3 1.6 16V (13/22),60039.67
S-90638,"Silenciador Camion Scania P 94, T/R 114 y T/R 124  (98/15)",344999.54
S-90660,"Silenc. Camion Ford Cargo 2422 E, 2428 E y 2622 E (06 /11)",176035.10
S-90695,Silenc. Camion Mercedes Benz 1938 S Frontal (99/03),397480.92
S-90710,Silenciador Camion Iveco Tector 240 E25 (10/16),124528.99
S-90730,Silenc. Camion Iveco Eurotech y Stralis (06/12),463372.18
S-90731,Silenc. Camion Iveco Eurotech y Stralis (06/12)   s/Interior,431858.58
S-90800,Silenciador Camion VW 19320 y 25370  (08/15),339574.64
S-90900,"Silenc. Camion M. Benz Actros 1841, 2041 y Axor 2035, 2040",470685.83
SD-4000/1,"Cámara Universal Red. p/Diesel  250mm x 4""  Boquilla Ø2"" 1/4",31513.21
SD-4010,"Cámara Universal Oval. p/Diesel   250mm x 5""   Boq. Ø2"" 1/4",34560.91
SD-5000/1,"Cámara Universal Red. p/Diesel  300mm x 4""  Boquilla Ø2"" 1/4",35048.54
SD-5001,"Cámara Universal Red. p/Diesel  400mm x 5""  Boquilla Ø2"" 1/4",46629.80
SD-5001/1,"Cámara Universal Red. p/Diesel  400mm x 4""  Boquilla Ø2"" 1/4",40351.54
SD-5002,"Cámara Universal Red. p/Diesel  500mm x 5""  Boquilla Ø2"" 1/4",55529.08
SD-5004,"Cámara Universal Oval. p/Diesel   400mm x 5""   Boq. Ø2"" 1/4",47422.20
SD-5020,"Cámara Universal Red.    500mm x 7""    Boquilla especial",71559.98
SE-235/1,Silenc. Económico C/Cola F. Falcon 221 (70/82),52664.24
SG-21,Silenc.tras.galv.Chevrolet Monza 1.8,80032.58
SG-30,Silenc. Interm. Galv. Chevette y GMC 500 (92/93),67780.83
SG-31,Silenc. Tras. Galv. Chevette y GMC 500 (92/93),53334.73
SG-32,"Silenc. Interm. Galv. c/caño Corsa 1.6 I, 1.4 I y Diesel",64538.21
SG-32/2,"Silenc. Interm. Galv.  Corsa 1.6 I, 1.4 I y Diesel",62173.06
SG-33,"Silenc. Tras. Galv. Ch Corsa 1.6 I, 1.4 I y Diesel - S/Baúl",66701.51
SG-34,"Silenc. Tras. Galv. Ch Corsa 1.6 I, 1.4 I y Diesel - C/Baúl",68504.26
SG-35,Silenc. Interm. Galv. Pick-up Corsa 1.6 I y 1.7 DSL,75400.08
SG-36,Silenc. Tras. Galv. Pick-up Corsa 1.6 I y 1.7 DSL,79605.90
SG-37,Silenc. Interm. Galva. Ch. Corsa 1.8 I con y s/Baúl (02/11),79057.32
SG-38,Silenc. Tras. Chevrolet Corsa 1.8 I c/Baúl (02/11),93137.69
SG-38/1,Silenc. Tras. Chevrolet Corsa 1.8 I s/Baúl (02/11),88444.23
SG-40,Silenc. Interm. Galv. Chevrolet Pick Up (66/72),63818.82
SG-51,Silenc. Interm. Galv. Ch. Pick Up C-20 y D-20 (93/96),99415.95
SG-56,Silenc. Tras. Galv. Chevrolet Blazer 2.2 MPFI (95/00),146594.33
SG-60,Silenc. Tras. Galv. c/cola Chev. Luv e Isuzu - Diesel 2.5,133672.08
SG-61,Silenc. Tras. Galv. c/Cola Chevrolet S-10 2.8 TD Cab. Doble,120749.84
SG-66,Silenc. Tras. Galv. Chevrolet Vectra 2.0 GLS (95/00),88688.04
SG-67,Silenc. Interm. Galv. Ch. Vectra 2.0 y 2.2 CD 16V,125199.48
SG-68,Silenc. Tras. Galv. Chevrolet Vectra - 2.0 CD 16V (97/03),99720.72
SG-69,Silenc. Tras. Galva. Chevrolet Vectra 2.2 CD 16V (03/06),110265.75
SG-70,Silenc. Tras. Galva. Ch. Vectra 2.0 GT GLS s/Baúl (07/11),107279.01
SG-70/1,Silenc. Tras. Galva. Chevr. Vectra - 2.4 c/Baúl (07/11),108863.81
SG-72,"Silenc. Interm. Galv. Ch. Astra GLS C/Baúl 1.8, 2.0 8V",93991.04
SG-73,"Silenc. Tras. Galv. Ch. Astra GLS C/Baúl 1.8, 2.0 8V",90455.71
SG-74,Silenc. Interm. Galv. Chev. Astra 2.0 y Astra II 2.0 8V,94722.49
SG-74/1,Silenc. Interm. Galva. Chevr. Vectra - 2.4 c/Baúl (07/11),106303.75
SG-75,Silenc. Tras. Galv. Chev. Astra 2.0 y Astra II 2.0 c/Baúl,102707.46
SG-75/1,Silenc. Tras. Galv. Chev. Astra 2.0 y Astra II 2.0 s/Baúl,100817.89
SG-76,Silenc. Interm. Galv. Chevr. Zafira 2.0 16V y 2.0 8V (01/11),104048.45
SG-77,Silenc. Tras. Galv. Chevr. Zafira 2.0 16V y 2.0 8V (01/11),101366.47
SG-78,Silenc. Interm. Galv. Chevrolet Meriva 1.8 I (03/13),86676.56
SG-79,Silenc. Tras. Galv. Chevrolet Meriva 1.8 I (03/13),84604.13
SG-82,Silenc. Interm. Galv. Citroen Xsara 1.8 I 16V (99/00),61014.94
SG-83,Silenc. Tras. Galv. Citroen Xsara 1.8 I 16V (99/00),84055.54
SG-86,Silenc. Interm. Galv. Citroen C3 - 1.6 16V (01/13),92040.51
SG-87,Silenc. Tras. Galv. Citroen C3 - 1.6 16V (01/13),84543.17
SG-90,Silenc. Interm. Galvan. Dodge 1500 (71/73),66439.84
SG-91,Silenc. Interm. Galvan. Citroen Picasso 2.0 16V (01/10),71620.93
SG-92,Silenc. Tras. Galvan. Citroen Picasso 2.0 16V (01/10),81800.24
SG-95,Silenc. Tras. Galv. Citroen C4 - 2.0 16V con baul (07/13),106608.52
SG-100,Silenc. galvan.  VW 1500 (73/92),52908.06
SG-103,Silenc. Intermedio VW Golf 1.8 y GTD (96/99),67476.06
SG-104,Silenc. Intermedio VW Golf 2.0 GTI (96/99),68268.46
SG-105,"Silenc. Trasero Galv. VW Golf 1.8, 2.0 GTI y GTD",78874.45
SG-106,Silenc. Delantero Galv. VW Golf IV 1.6 I (99/12),57540.56
SG-107,Silenc. Trasero Galv. Cola Doble VW Golf IV 1.6 I (99/12),109107.63
SG-108,"Silenc. Delantero VW Bora 1.8 T, 2.0 y 1.9 TDI",57906.28
SG-110,Silenc. Delantero Galv. VW Polo 1.6 I (97/09),62294.97
SG-110/2,"Silenc. Universal Redondo 4"" x 470 mm",47848.88
SG-111,Silenc. Delant. Galv. VW Polo Diesel 1.9,56382.43
SG-112,Silenc. Trasero Galv. VW Polo 1.6 I (97/09),88261.37
SG-113,Silenc. Trasero Galv. VW Polo Diesel 1.9,103256.05
SG-114,Silenc. Delantero VW Fox Y Fox Cross 1.6 (04/10),58089.15
SG-115,Silenc. tras. VW Fox y Fox Cross 1.6 (04/19),87516.69
SG-115/2,"Silenc. Universal Redondo 7"" x 400 mm",78447.78
SG-122,Silenc. Tras. VW Bora 1.8 T,104048.45
SG-123,Silenc. Tras. VW Bora 2.0 y 1.9 TDI,105084.67
SG-125,Silenc. Galvanizado Dodge 1800 y VW 1500 Rural,57113.88
SG-127,"Silenc. Delant. VW Gacel GL, Senda y Gol Nac. - 1.6",58454.87
SG-128,Silenc. Tras. galv. c/cola VW Gacel GL y Senda - 1.6,83324.09
SG-130,"Silenc. Delantero Galvan. VW Carat 1.8, 2.0 (87/91)",63331.19
SG-131,"Silenc. Intermedio Galvan. VW Carat 1.8, 2.0 (87/91)",74546.72
SG-132,"Silenc. Trasero Galvan. VW Carat 1.8, 2.0 (87/91)",79727.81
SG-132/2,Silenc. Universal Ovalado Grande x 400 mm,70097.08
SG-134,Silenc. Tras. Galv. C/Cola VW Gacel y Senda - 1.8,93442.46
SG-138,Silenc.Tras. Cola Doble VW Transporter - 1.9 TD,109595.26
SG-140,"Sil. Interm. VW Saveiro, Senda y Saveiro Dies, Gol Bras.",63026.42
SG-140/2,"Silenc. Universal Redondo 4"" x 400 mm",42972.56
SG-141,Silenc. Tras. Galv. c/cola VW Gol Nac. y Brasilero 1.6,84360.31
SG-143,Silenc. Tras. Galv. c/cola Saveiro 1.6 y 1.6 Diesel,87651.83
SG-145,Silenc. Interm. Galv. VW Gol 1.6 I y 1.8 I (96/98),66927.47
SG-145/1,Silenc. Interm. VW Gol - Diesel 1.6 (96/99),66927.47
SG-145/2,Silenc. Universal Ovalado Chiquito x 400 mm,42545.88
SG-146,"Silenc. Tras. Galv. VW Gol 1.6 I, 1.8 I, 1.6 MI y Diesel 1.6",86249.89
SG-146/1,Silenciador Tras.VW Gol 1.6 MI - Paragolpes Env.,81123.48
SG-146/2,Silenc. Trasero VW Gol 1.6 I (98/11),86981.33
SG-147,Silenc. Del. galv. VW Gol 1.6 MI (98/11) y 1.9 Diesel,63818.82
SG-148,Silenc. Trasero Galv. VW Gol 1.0 I (00/02),88566.14
SG-149,Silenc. Interm. Galv. VW Saveiro 1.6 MI (97/05),80642.12
SG-150,Silenc. Tras. Galv. VW Saveiro 1.6 MI (97/05),81129.75
SG-153,Silenc. Interm. Galv. VW Saveiro 1.9 (06/10),80642.12
SG-154,Silenc. Tras. Galv. VW Saveiro 1.9 (06/10),81373.57
SG-155,Silenc. Interm. Galv. VW Caddy (98/09),68756.09
SG-156,Silenc. Tras. Galv. VW Caddy (98/09),82165.97
SG-158,Silenc. Trasero Galv. VW Gol Trend 1.6,93076.73
SG-159,Silenc. Trasero Galv. VW Gol Voyage,92040.51
SG-161,Silenc. Trasero Galv. Fiat Tempra - 2.0 (93/94),88870.91
SG-162,Silenc. Interm. Galv. Fiat Palio y Siena 1.6,61075.89
SG-162/2,"Silenc. Universal Redondo 4"" x 370 mm",35353.31
SG-163,"Silenc. Tras. Galv. Fiat Palio 1.6 I, 1.6 16V, 1.7 Diesel",75765.80
SG-165,"Silenc. Tras. Galv. Fiat Siena 1.6 I, 1.7 Diesel y 1.7 TD",96063.48
SG-166,Silenc. Interm. Galva. Fiat Palio Weekend 1.6 I y 1.7 TD,71499.02
SG-167,Silenc. Tras. Galv. F. Palio Weekend 1.6 I y 1.7 TD,92711.01
SG-168,Silenc. Interm. c/Turbo Fiat Strada 1.8 (04/10),109046.68
SG-169,Silenc. Trasero Fiat Strada 1.8 (04/10),102646.51
SG-171,Silenc. Interm. F. Palio 1.8 (04/10),80764.03
SG-172,Silenc. Trasero Fiat Palio 1.8 y 1.6 E.torQ,79910.67
SG-178,Silenc. Interm. Fiat Palio Fire 1.4,58942.50
SG-179,Silenc. Tras. Fiat Siena 1.4 Fire (07/18),92087.17
SG-180,Silenc. Tras. Fiat  Palio Fire 1.4 (07/18),64833.46
SG-185,"Silenc. Tras. Galv. c/sobre dif. y cola Fiat 1500, 1600",76802.02
SG-195,Silenc. Interm. Galv. Fiat Duna y Uno,58089.15
SG-195/2,"Silenc. Universal Redondo 4"" x 320 mm",41753.48
SG-196,Silenc. Trasero Galv. Fiat Duna,80885.94
SG-197,Silenc. Tras. Galv. Fiat Duna weekend,93991.04
SG-198,Silenc. Tras. Galv. Fiat Uno,74424.81
SG-204,Silenc. Interm. Galv. Fiat Uno Fiorino 1.7 Diesel,59917.77
SG-204/1,Silenc. Intermedio Fiat Uno Fiorino Fire 1.3,75887.71
SG-204/2,Silenc. Universal Ovalado Chiquito x 300 mm,40229.63
SG-205,Silenc. Tras. Galv. Fiat Uno Fiorino 1.7 Diesel y 1.3 Fire,88870.91
SG-206,Silenc. Interm. Fiat Uno Fire 1.3 I (04/15),72108.56
SG-207,Silenc. Tras. Fiat Uno Fire 1.3 I (04/15),74851.49
SG-208,Silenc. Interm. Galv. Fiat Tipo 1.6 I,75217.21
SG-209,Silenc. Tras. Galv. Fiat Tipo - 1.6 (94/97),93076.73
SG-214,Silenc. Interm. galv. Fiat 147 y Spazio,71803.79
SG-214/1,Silenc.Interm. Galv. Fiat Spazio Tipo 1.4 y Diesel,82897.42
SG-215,Silenc. Tras. Galv. Fiat Spazio Tipo 1.4 y Diesel 1300,67049.38
SG-215/1,Silenc. Interm. Galv. c/cola Fiat Spazio Tipo 1.4,86432.75
SG-216,Silenc. Tras. Galv. Fiat Fiorino 1.4 Tipo y 1300 Diesel,74363.86
SG-222,Silenc. Interm. Galv. Fiat Regatta (85/95),90577.62
SG-223,Silenc. Tras. Galv. Fiat Regatta (85/95),79910.67
SG-224,Silenc. Interm. Galv. Fiat Ducato - Diesel 2.5 y 2.8,103560.82
SG-224/1,Silenc. Tras. Galv. Fiat Ducato - Diesel 2.5 y 2.8,107583.78
SG-225/1,"Silenc. Tras. Galv. c/cola F. Falcon 170, 187 y 188 (62/82)",70036.13
SG-228,Silenc. Interm. Galv. Fiat Idea 1.8 (05/10),83080.28
SG-229,Silenc. Trasero Fiat Idea 1.8 (05/10),89907.12
SG-231,Silenc. Interm Fiat Punto 1.4 Fire,66744.61
SG-232,Silenc. Trasero Fiat Punto 1.4 Fire,84177.45
SG-233,Silenc. Intermedio Fiat Punto 1.8,82226.92
SG-234,Silenc. Trasero Fiat Punto 1.8,86676.56
SG-235/1,Silenc. Tras. Galva. c/cola F. Falcon 221 (70/82),70401.85
SG-240,Silenc. Tras. Galv. F. Falcon (82/92),91613.84
SG-250,Silenc. Interm. Galv. Ford Escort 1.6,68451.32
SG-251,Silenciador Tras. Galv.Ford Escort 1.6,76192.48
SG-252,"Silenc. Interm. Galv. F. Escort - Audi 1.6, 1.8, XR3 (91/94)",63209.28
SG-252/1,"Silenc. Interm. Galv. F. Escort - Audi 1.6, 1.8, XR3 (93/94)",91248.11
SG-253,"Silenc. Tras. Galv. F. Escort - Audi 1.6, 1.8, XR3 (91/94)",72535.24
SG-260,"Silenc. Interm. Galv. F. Orion, Escort y VW Pointer - Audi",88261.37
SG-261,"Silenc. Tras. Galv. F. Orion 1.6, 1.8 I, 2.0 I (94/96)",91187.16
SG-262,Silenc. Tras. Galv. F. Escort Xr3 - 2.0 I (95/96),90029.03
SG-263,Silenc. Int. Galv. Ford Escort Zetec 1.8 16V (97/03),86798.47
SG-264,Silenc. Interm. Galv. F. Escort - Diesel 1.8 S/Baúl,92954.82
SG-265,Silenc. Tras. Galv. Reemp. Estamp. Escort - Zetec 1.8 S/Baúl,86188.93
SG-267,Silenc. Tras. Galv. Reemp. Trian. Escort - Zetec 1.8 S/Baúl,82287.88
SG-268,Silenc. Tras. Galv. Reemp. Trian. F. Escort Dies. 1.8 S/Baúl,82958.37
SG-269,Silenc. Tras. Galv. Reemp. Estamp. Escort Rural - Zetec 1.8,87042.29
SG-270,Silenc. Interm. Galv. F. F100 8 y 6 cil. y Perkins (64/89),66013.16
SG-271,Silenc. Tras. Galv. Reemp. Triang. Escort Rural - Zetec 1.8,86798.47
SG-275,Silenc.Interm. Galv. F100 6 cilind. y Perkins 4 (82/92),71011.39
SG-280,Sil. Interm. Galv. F. F100 6 y 8 cil. y Perkins 4 (72/90),66317.93
SG-285,Silenc. Trasero Ford F100 Max Econo (93/94),135988.34
SG-286,Silenc. Tras. Galv. Ford F100 - Diesel MWM 4 Cil. (93/95),117763.09
SG-287,Silenc. Interm. Galv. Ford F100 - 6 cil. Max Econo (95/96),135134.98
SG-299,Silenc. Tras. Galv. Ford F100 - 4.9 I y MWM Turbo (96/99),121603.20
SG-309,Silenc. Interm. Galv. F. F100 HSD - Maxion 2.5 TD (96/99),101976.01
SG-310,Silenc. Interm. Galv. F. F100 Super Dutty - Cummins TD 3.9,156407.92
SG-313,Silenc. Tras. Galv. Ford Taunus GLX (77/82),72169.52
SG-313/2,"Silenc. Universal Redondo 5"" x 320 mm",44618.32
SG-314,Silenc. Tras. Galv  s/Sobre dif. F. Taunus GLX (77/82),59552.04
SG-315,Silenc. Interm. Galv. Ford Taunus GLX (79/82),82348.83
SG-315/1,Silenc. Interm. Galv. s/caño Ford Taunus GLX (77/82),73876.23
SG-317,Silenc. Interm. Galv. Ford EcoSport 2.0 (03/12),75400.08
SG-318,Silenc. Trasero Galv. Ford EcoSport 2.0 (03/12),86615.61
SG-320,Silenc. Tras. Galv. Ford Galaxy 2.0 (92/95),82958.37
SG-321,Silenc. Interm. Galv. p/cataliz. Ford Galaxy 2.0 I,89602.35
SG-322,"Silenc. Interm. Galv. c/caño F. Fiesta 1.3I, 1.4I y 1.8 Dies",87286.10
SG-322/1,"Silenc. Interm. Galv. Ford Fiesta 1.3I, 1.4I y 1.8 Diesel",57418.65
SG-323,"Silenc. Tras. Galv. F. Fiesta 1.0I, 1.3I, 1.4I y 1.8 Diesel",81434.52
SG-324,Silenc. Interm. Galv. F. Fiesta 1.6I y EcoSport 1.6I (02/07),66521.23
SG-324/1,Silenc. Interm. Galv. F. Fiesta Max 1.6 I y One 1.6,66256.98
SG-325,Silenc. Tras. Galv. Ford Fiesta 1.6 I y TD 1.4 (02/10),71322.43
SG-325/1,Silenc. Tras. Galv. Ford Fiesta Max 1.6 I (05/10),80459.26
SG-326,Silenc. Tras. Galv. Ford Ka - 1.3 I (97/99),86006.07
SG-327,Silenc. Tras. Galv. Ford Ka 1.0 I (97/08),82105.01
SG-328,Silenc. Interm. Galv. Ford Ka 1.6 (08/14),63635.96
SG-329,Silenc. Trasero Galv. Ford Ka 1.0 (08/10),85823.21
SG-330,Silenc. Interm. Galv. Ford Focus 1.8 I y 2.0 I (00/08),107949.50
SG-331,Silenc. Tras. Galv. Ford Focus 1.8 I - s/Baúl (00/05),70036.13
SG-332,Silenc. Tras. Galv. Ford Focus 2.0 I C/Baúl (00/08),72657.15
SG-333,Silenc. Del. Galv. Ford Focus 1.6 (04/12),76680.11
SG-334,Silenc. Interm. Galv. Ford Focus 1.6 (04/12),82226.92
SG-340/1,Silenc. Interm. Reempl. Estampado Ford Sierra 1.6 GL,78143.01
SG-342/1,Silenc. Interm. Reempl. Estampado Ford Sierra 2.3 (84/93),62782.60
SG-343,Silenc. Tras. Galv. Ford Sierra - 2.3 y 1.6 GL,80703.07
SG-346,Silenc.tras.galv.Ford Sierra Rural,80702.45
SG-347,Silenc. Interm. Galv. Ford Courier Pick-up,90455.71
SG-348,Silenc. Interm. Galv. Ford Courier Pick-up,92223.38
SG-355,Silenc. Interm. Galv. c/cola F. Ranger - Maxion 2.5 TD,151226.83
SG-355/1,Silenc. s/caño Interm. Galv. c/cola F. Ranger-Maxion 2.5 TD,118860.27
SG-360,Silenc. Del. Galv. Ford Mondeo 2.0 I Ghia (95/00),101061.70
SG-361,Silenc. Interm. Galv. Ford Mondeo 2.0 I Ghia (95/00),101610.29
SG-362,Silenc. Tras. Galv. Ford Mondeo 2.0 I Ghia (95/00),71620.93
SG-364,Silenc. Tras. Galv. Ford Mondeo - TD y 1.8 I (94/98),98684.50
SG-366,Silenc.galv.Cola Doble F.Mondeo-TD(98/00),30720.81
SG-370,Silenc. Tras. Galv. Ford Ranger - 2.8 (02/04),162076.64
SG-371,Silenc. Interm. Galv. Ford Ranger 3.0 (06/12),77167.74
SG-372,Silenc. Tras. Galv. c/cola Ford Ranger 3.0 (06/12),170183.52
SG-380,"Silenc. Interm. Galv. Renault R19 1.6, 1.7 y diesel 1.9",90882.39
SG-381,Silenc. Tras. Galv. Renault R19 1.6 RN y Diesel 1.9,82897.42
SG-382,"Silenc. Tras. Galv. Renault R19 1.7, 1.6 y 1.9 Diesel",79179.22
SG-383,Silenc. Interm. Galv. Renault R19 RN 1.6 y RT 1.8 (95/97),102768.41
SG-384,Silenc. Tras. Galv. Renault R19 RN 1.6I y RT 1.8I s/Baúl,89602.35
SG-385,Silenc. Tras. Galv. Renault R19 RN 1.6I y RT 1.8I c/Baúl,90760.48
SG-390/1,Silenc. Interm. Reempl. Prec. Orig. R. Clio 1.6 I y 1.4 I,64245.50
SG-391,"Silenc. Tras. Galv. R. Clio 1.4 I, 1.6 I y 1.9 Dies. (94/99)",78021.10
SG-393,Sil. Interm. Galv. R. Clio II -1.6 I y Dies.1.9 Con y S/Baúl,66135.07
SG-394,"Silenc. Tras. R. Clio II 1.6 I, Diesel 1.9 y 1.5 DCI  s/Baúl",92345.28
SG-395,"Silenc. Tras. R. Clio II 1.6 I, Diesel 1.9 y 1.5 DCI  c/Baúl",94295.81
SG-396,Silenc. Tras. Galv. Renault Clio II 1.2 16V s/baúl (03/12),92345.28
SG-396/1,Silenc. Tras. Galv. Renault Clio II 1.2 16V s/baúl (03/09),99476.90
SG-397,Silenc. Interm. Galv. c/Interm. Renault Express 1.9 Diesel,70523.76
SG-398,Silenc. Tras. Galv.  Renault Express 1.9 Diesel,76741.06
SG-406,"Silenc. Tras. Galv. Renault Megane RT, RXE y 1.9 TD",90150.94
SG-406/1,Silenc. Tras. Galv. Renault Megane - 1.6 I 16V (00/09),83341.15
SG-406/2,Silenc. Universal Ovalado Gordo x 400 mm,76131.52
SG-408,Silenc. Interm. Galv. Renault Megane II  c/Baúl  (06/11),77411.56
SG-409,Silenc. Tras. Galv. Renault Megane II  c/Baúl  (06/11),108498.09
SG-409/2,Silenc. Universal Ovalado Grandote x 300 mm,85274.62
SG-410,Silenc. Interm. Doble Galv. R. Laguna RXE - 2.0 (95/02),150983.02
SG-411,Silenc. Tras. Galv. Renault Laguna RXE 2.0 (95/02),97526.37
SG-411/1,Silenc. Tras. Galv. Renault Laguna 1.8 y Diesel 2.2,97526.37
SG-412,Silenc. Interm. Galv. Renault Laguna 1.8 y Diesel 2.2,98379.73
SG-412/2,Silenc. Universal Ovalado Gordo x 400mm c/salida lateral,60649.15
SG-424,Silenc. Tras. Galv. Renault Trafic 1400,73510.50
SG-425,"Silenc. Interm. Galv. Renault Trafic 1400, 2000 y Diesel",47848.88
SG-426,Silenc. Tras. Galv. Renault Trafic 2000 y Diesel,76741.06
SG-429,Silenc. Tras. Galv. Renault Trafic - Diesel 1.9 (99/03),83689.82
SG-431,Silenc. Interm. Galv. Renault Master 2.8 (03/07),73632.41
SG-432,Silenc. Trasero Galv. Renault Master - 2.8 (03/07),98684.50
SG-440,"Silenc. Delant. Galv. Renault 21, 21 Alize y 21 Nevada",65952.21
SG-441/1,Silenc. Interm. Galv. Renault 21 Nevada (90/96),91491.93
SG-441/2,Silenc. Interm. Galv. Reemp. estam. R. 21 Alize,91370.02
SG-442,Silenc. Tras. Galv. Renault 21 (89/95),88566.14
SG-442/1,Silenc. Universal Ovalado Gordo x 450 mm,80215.44
SG-443,Silenc. Tras. Galv. Renault 21 Nevada,91126.20
SG-444,Silenc. Trasero Galv. Renault 21 Alize (94/96),88383.27
SG-447,Silenc. Tras. Galv. Renault Twingo (94/01),74790.54
SG-453,Silenc. Interm. Galv. Renault Logan 1.6 (08/13),74790.54
SG-454,Silenc. Tras. Galv. Renault Logan 1.6 (08/13),82775.51
SG-455,Silenc. Interm. Galv. Renault Sandero 1.6 (08/13),74729.58
SG-456,Silenc. Tras. Galv. Renault Sandero 1.6 (08/13),97221.60
SG-460,Silenc. Trasero Galv. Renault 12 - 1400,62843.56
SG-460/2,Silenc. Universal Ovalado Chico x 400 mm,56991.97
SG-462,Silenc. Tras. Galv. Renault 12 - 1600 Caja 5ta,62294.97
SG-465,Silenc. Tras. Galv. Renault 12 Break,70645.67
SG-467,Silenc. Del. Galv. Renault 18 y Beak GTX y Fuego,88444.23
SG-469,Silenc. Interm. Galv. Renault 18 y Beak GTX,72413.33
SG-469/2,Silenc. Interm. Galv. solo Renault 18 y Beak GTX,44862.13
SG-471,Silenc. Trasero Galv. Renault 18 y Beak GTX,73205.73
SG-475,Silenc. Tras. Galv. Renault 18 - 1400,66500.80
SG-476,Silenc. Tras. Galv. Renault 18 - 1600 Parag. Envolvente,66013.16
SG-480/1,Silenc. Interm. Galv.  R11 (84/95) y R9 (87/96),58942.50
SG-480/2,Silenc. Interm. c/Boq. R11 (84/95) y R9 (8/96),33707.55
SG-482,Silenc. Tras. Galv. Renault 11 TS y TL - 1400,79971.63
SG-482/2,Silenc. Universal Ovalado Gordo x 400 mm,64306.45
SG-483,Silenc. Tras. Galv. Renault 11 - 1600 (87/95),80946.89
SG-485,Silenc. Tras. Galv. Renault 9 - 1400 (87/90),81556.43
SG-486,Silenc. Tras. Galv. Renault 9 y 9 TXE - 1600,77655.37
SG-487,Silenc. Interm. Galv. R. Kangoo - 1.6 I y Dies.1.9 (99/07),71986.65
SG-487/1,Silenc. Interm. Galv. Renault Kangoo 1.6 16V (05/18),63635.96
SG-488,Silenc. Tras. Galv. R. Kangoo - 1.6 y Diesel 1.9,95332.03
SG-490,Silenc. Tras. Galv. Peugeot 404 (66/80),84665.08
SG-503,Silenc. Interm. Galv. Peugeot 406 - 2.0 SV,94661.54
SG-503/1,Silenc. Interm. Galv. Peugeot 406 SV - 2.0 (00/01),103682.72
SG-504,Silenc. Tras. Galv. Peugeot 406 - 2.0 SV (97/01),111789.60
SG-505,Silenc. Interm. Galv. Peugeot 504 (69/82),58150.10
SG-506,Silenc. Tras. Galv. Peugeot 504 (69/82),74120.04
SG-506/2,Silenc. Universal Ovalado Chico x 280 mm,48519.37
SG-507,Silenc. Tras. Galv. s/Sobre Diferenc. Peugeot 504 (69/82),62721.65
SG-509,Silenc. Delan. Galv. Peug. 504 (83/98) y 505 (81/94),47117.43
SG-510,Silenc. Interm. Galv. Peug. 504 (83/98) y 505 (81/94),41875.39
SG-511,Silenc. Tras. Galv. Peugeot 504 (83/90) y 505 (81/92),71742.84
SG-512,Silenc. Tras. Galv. s/Sobre Dif.  P. 504(83/90) y 505(81/92),64794.08
SG-513,Silenc. Tras. Galv. Peugeot 504 (90/98),75826.75
SG-514,Silenc. Tras. Galv. Peugeot 505 (93/94),77411.56
SG-515,Silenc. Interm. Galv. Peugeot Pick Up T5 (73/81),52786.15
SG-522,Silenc. Interm. Galv. Peugeot Pick Up Nafta y Diesel,70036.13
SG-525,Silenc. Interm. Galv. Peugeot 505 Rural,63087.37
SG-526,Silenc. Tras. Galv. Peugeot 505 Rural,80703.07
SG-527,Silenc. Interm. Galv. Peugeot Partner Diesel 1.9 (98/10),58942.50
SG-527/1,Silenc. Interm. Galv. Peugeot Partner 1.4 I (98/09),55468.12
SG-528,Silenc. Tras. Galv. Peug. Partner - 1.4 I y Diesel 1.9,82348.83
SG-533,Silenc. Tras. Galv. Peugeot 504 - Diesel (93/98),88383.27
SG-535,Silenc. Interm. Galv. Peugeot 405 SR (93/99),66561.75
SG-536,Silenc. Tras. Galv. Peugeot 405 SR (93/99),81983.11
SG-538,Silenc. Interm. Galv. Peugeot 106 - 1.4 I (98/02),53639.50
SG-538/2,Silenc. Universal Ovalado Chiquito x 370 mm,42363.02
SG-539,Silenc. Tras. Galv. Peugeot 106 - 1.4 I (98/02),73510.50
SG-540,Silenc.Interm. Galv. Peugeot 306 - 1.8 I C/Baúl,63879.77
SG-540/1,Silenc. Interm. Galv. Peugeot 306 - 1.8 I S/Baúl,63392.14
SG-542,Silenc. Tras. Galv. Peugeot 306 1.8 I C/Baúl (Nafta y Dies),81739.29
SG-543,Silenc. Tras. Galv. Peugeot 306 1.8 I S/Baúl (Nafta y Dies),80520.21
SG-544,Silenc. Interm. Galv. Peugeot 306 - 1.8 MPI 16V (99/03),63087.37
SG-545,Silenc. Tras. Galv. Peugeot 306 - 1.8 MPI 16V S/Baúl (99/03),92101.47
SG-546,Silenc. Tras. Galv. Peugeot 306 - 1.8 MPI 16V C/Baúl (99/03),94966.31
SG-547,Silenc. Interm. Galv. Peugeot 206 - 1.6 I Nacional,72779.06
SG-548,Silenc. Tras. Galv. Peugeot 206 - 1.6 I Nacional,77899.19
SG-549,Silenc. Tras. Galv. Peugeot 206 Diesel 1.9 (99/06),79605.90
SG-551,Silenc. Interm. Galv. Peugeot 206 - 1.6 16V (04/08),63087.37
SG-552,"Silenc. Tras. Galv. Peug. 206 1.6, 1.4 y 207 1.6, 1.4 s/Baúl",73912.47
SG-552/2,"Silenc. Universal Redondo 6"" x 500 mm",74181.00
SG-553,Silenc. Interm. Galv. Peugeot 206 SW - 1.6 16V (05/09),72657.15
SG-554,Silenc. Tras. Galv. Peugeot 206 SW - 1.6 16V (05/09),85457.48
SG-561,Silenc. Interm. Galv. Mercedes Benz Sprinter 310D,127759.55
SG-582,Silenc. Tras. Galv. Toyota Pick Up Hilux 4x2 - 2.8 Diesel,136658.83
SG-582/1,"Silenc. Universal Redondo 7"" x 600 mm",100330.26
SG-583,Silenc. Tras. Galv. C/cola Toyota Hilux 4x4 - 2.8 Diesel,135378.80
SG-584,Silenc. Tras. Galv. Toyota Hilux - Diesel 3.0 Cab. Doble,149093.44
SG-585,Silenc. Intrem. Galv. Toyota Hilux 3.0 TDI Cab. Dob. 4x2,194991.79
SG-2210,"Silenc. Tras. Daewo Tico SL, DX, SX (hasta 2000)",78691.59
SG-2265,Silenc. Interm. Galv. F. Fiesta - 1.3 I (95/96) y Diesel 1.8,71499.02
SG-2265/1,Silenc. Interm. Galv. F. Fiesta - 1.3 I (95/96) y Diesel 1.8,52664.24
SG-2266,Silenc. Tras. Galv. F. Fiesta - 1.3 I (95/96) y Diesel 1.8,74181.00
SG-2305,"Silenc. Tras. Galv. Honda Accord EX, LX (92/96)",126967.15
SG-2360,Silenc. Tras. Galv. Mitsubishi Pick Up - L 200 (95/99),104475.13
SG-2404,Silenc. Tras. Galv. Suzuki Fun - 1.0 I (03/06),73510.50
SG-2405,Silenc. Tras. Galv. Suz. Fun 1.4 I (04/11) y Ch. Celta 1.4,71742.84
SG-2559,Silenc. Interm. Galv. Peugeot 307 2.0 16V (01/06),83567.91
SG-2560,Silenc. Interm. Peu. 307 1.6 16V(01/12) y 308 1.6 16V(12/22),80093.53
SG-2560/1,Silenc. Interm. Peu. 307 1.6 16V(01/12) y 308 1.6 16V(12/22),78021.10
SG-2561,Silenc. Tras. Galv. Peugeot 307 y 308 1.6 16V S/Baúl,93742.66
SG-2562,Silenc. Tras. Galv. Peugeot 307 1.6 16V c/Baúl (01/10),105998.98
SG-2563,Silenc. Tras. Peugeot 307 2.0 16V y HDI S/Baúl,104962.76
SG-2564,Silenc. Interm. Galv. Peugeot 307 2.0 16V (06/12),98928.31
SG-2565,Silenc. Tras. Galv. Peugeot 307 2.0 16V c/Baúl y 408 2.0,106974.24
SG-2580,Silenc. Interm. Galv. c/Intermedia Peugeot 205 XS (94/99),80459.26
SG-2581,Silenc. Tras. Galv. Peugeot 205 XS (94/99),74120.04
SG-2589,"Silenc. Interm. Galv. Peugeot 405 - SRI, SRD, SRDT (93/97)",86737.52
SG-2590,"Silenc. Tras. Galv. Peugeot 405 - SRI, SRD, SRDT (93/97)",112825.82
SG-2650,"Silenc. Interm. Galv. Fiat Uno 70S, SX y 1300 IE (92/94)",63940.73
SG-2651,"Silenc. Tras. Galv. Fiat Uno 70S, SX y 1300 IE (92/94)",75339.12
SG-2816,Silenc. Tras. Galv. Rover 416 SI - 5 Puertas (94/99),129649.12
SG-10085,Silenc. Interm. Galv. Chevrolet Aveo 1.6 (08/14),116300.20
SG-10086,Silenc. Tras. Galv. Chevrolet Aveo 1.6 (08/14),102707.46
SG-10090,Silenc. Interm. Galv. Chevrolet  Agile 1.4 (09/17),70950.44
SG-10091,Silenc. Tras. Galv. Chevrolet  Agile 1.4 (09/17),76253.43
SG-10150,Silenc. Interm. Galv. Chevrolet Montana 1.8 (11/20),81068.80
SG-10151,Silenc. Tras. Galv. Chevrolet Montana 1.8 (11/20),92711.01
SG-10250,Silenc. Interm. Galv. Chevrolet Tracker 1.8 (12/20),121298.43
SG-10251,Silenc. Tras. Galv. Chevrolet Tracker 1.8 (12/20),118250.73
SG-10300,"Silenc. Tras. Galv. Chev. Onix , Prisma y Joy - 1.4 (13/21)",87834.69
SG-10350,Silenc. Tras. Galv. Chevrolet S-10 2.8 (13/17),136415.01
SG-10352,Silenc. Galv. Chevrolet S-10 2.8 TD (18->),181399.05
SG-10800,Silenc. Interm. Galv. Chevrolet Cruze 1.8 (10/15),90577.62
SG-10801,Silenc. Tras. Galv. Chevrolet Cruze 1.8 s/Baúl (10/15),100025.49
SG-10802,Silenc. Tras. Galv. Chevrolet Cruze 1.8 s/Baúl (10/15),102463.64
SG-10901,Silenc. Tras. Galv. Chevrolet Spin 1.8 (12->),100574.07
SG-20116,Silenc. Interm. Galv. VW Polo 1.6 MSI (17->),84299.36
SG-20117,Silenc. Tras. Galv. VW Polo 1.6 MSI (17->),92223.38
SG-20147,Silenc. Interm. Galv. VW Gol Power 1.4 (12/15),70158.03
SG-20148,Silenc. Interm. Galv. VW Gol Power 1.6 (09/11),66500.80
SG-20157,"Silenc. Interm. VW Fox, Suran, Voyage y  Gol Trend - 1.6",54614.77
SG-20160,Silenc. Interm. Galv. VW Saveiro 1.6 (10/22),54614.77
SG-20161,Silenc. Tras. Galv. VW Saveiro 1.6 (10/22) (5ta generac.),101915.06
SG-20162,Silenc. Interm. VW Saveiro 1.6 Ref. Gas (10->),96233.10
SG-20200,Silenc. Interm. Galv. VW UP 1.0 (14/21),85762.25
SG-20700,Silenc. Delant. Galv. VW Amarok 2.0 TDI (10->),104840.85
SG-20701,Silenc. Tras. Galv. VW Amarok 2.0 TDI (10->),93076.73
SG-30168,Silenc. Delant. Galv. Fiat Strada 1.6 16V E.torQ (11/19),98379.73
SG-30173,Silenc. Inter. Galv. Fiat Palio y Siena - 1.6 E.torQ (10/18),82226.92
SG-30174,Sil. Tras. FiaT Palio Etorq.1.6(12->),82531.69
SG-30175,"Reempl. Sil. Interm. Fiat Palio, Strada, Siena y Cronos",54520.01
SG-30176,Silenc. Interm. Galv. Fiat Palio Weekend 1.6 E.torQ (10/17),109717.17
SG-30177,Silenc. Tras. Galv. Fiat Palio Weekend 1.6 E.torQ (10/17),115203.03
SG-30181,Silenc. Interm. Galv. Fiat Palio Weekend Fire 1.4 (09/18),68329.41
SG-30182,Silenc. Tras. Galv. Fiat Palio Weekend Fire 1.4 (09/18),78752.55
SG-30190,Silenc. Interm. Galv. Fiat Fiorino 1.4 Fire (14->),73937.18
SG-30200,Silenc. Interm. Galv. Fiat Uno Evo 1.4 (10/16),63757.87
SG-30401,Silenc. Tras. Galv. Fiat Strada 1.4 Fire (09/15),88261.37
SG-30402,"Silenc. Tras. Reforma Gas Fiat Strada 1.4 I, 1.6 I y 1.8 I",83263.14
SG-30499,Silenc. Delant. Galv. Fiat Cronos 1.3 MT (18->),89419.33
SG-30500,Silenc. Delant. Galv. Fiat Cronos 1.3 AT (18->),90028.92
SG-30501,Silenc. Tras. Galv. Fiat Cronos 1.3 AT y MT (18->),99172.05
SG-30600,Silenc. Fiat Mobi 1.0 8v y 1.0 3 cil. (16 ->),87472.37
SG-30710,Silenc. Tras. Galv. Fiat Doblo 1.4 16V - Reforma Gas,81556.43
SG-30800,Silenc. Fiat Qubo 1.4 (12/16),132783.32
SG-40100,Silenc. Interm. Galv. Ford Ecosport Kinetic 1.6 (12/17),91979.56
SG-40101,Silenc. Tras. Galv. Ford Ecosport Kinetic 1.6 (12/17),89480.45
SG-40102,Silenc. Tras. Ford Ecosport Kinetic 1.6 (12/17) - Refor. Gas,63331.19
SG-40103,Silenc. Tras. Ford Ecosport Kinetic 1.6 (12/17) - Refor. Gas,74973.34
SG-40105,Silenc. Interm. Galv. Ford Ecosport Kinetic 2.0 (13/17),108924.77
SG-40106,Silenc. Tras. Galv. Ford Ecosport Kinetic 2.0 (13/17),115446.84
SG-40108,Silenc. Delant. Galv. Ford Ecosport 1.5 (17/22),88870.82
SG-40109,Silenc. Tras. Galv. Ford Ecosport 1.5 (17/22),109168.46
SG-40323,Silenc. Tras. Galv. Ford Ecosport 1.6 (08/12) - Reforma Gas,61624.48
SG-40325,Silenc. Tras. Galv. F. Ecosport 1.6 y Fiesta One 1.6 s/Baúl,76984.88
SG-40326,Silenc. Interm. Galv. Ford Fiesta Kinetic - 1.6 16V (10/20),73083.83
SG-40327,Silenc. Tras. Galv. F. Fiesta Kinetic 1.6 16V s/Baúl (10/13),94539.63
SG-40328,Silenc. Tras. Galv. Ford Fiesta Kinetic - 1.6 16V s/Baúl,91248.11
SG-40329,Silenc. Tras. Galv. Ford Ka 1.0 y 1.6 (10/14),85396.53
SG-40340,Silenc. Del. Galv. Ford Focus II - 1.6 y 2.0 (08/13) S/Baúl,88200.41
SG-40341,Silenc. Int. Galv. Ford Focus II - 1.6 y 2.0 (08/13) S/Baúl,79971.63
SG-40343,Silenc. Interm. Galv. Ford Focus III - 2.0 (13/20),100513.12
SG-40344,Silenc. Tras. Galv. Ford Focus III - 2.0 (13/20),106913.29
SG-40374,"Silenc. Galv. Ford Ranger 2.2 XL, XLT y 3.2 XLS (11/23)",153543.08
SG-40400,Silenc. Interm. Galv. Ford Ka - 1.5 (16/21),82348.83
SG-40401,Silenc. Tras. Galv. Ford Ka - 1.5 (16/21),87590.87
SG-50100,Silenc. Tras. Galv. c/cola Renault Kwid 1.0 (17 ->),79057.32
SG-50394,Silenc. Interm. Galv. Renault Clio II 1.6 16V (00/09),54492.86
SG-50399,Silenc. Tras. Galv. Renault Clio Mio 1.2 (12/17),74607.67
SG-50400,Silenc. Interm. Renault Sandero y Logan 1.6 16V (13/19),66256.98
SG-50401,Silenc. Tras. R. Logan y Sandero 1.6 8V y 16V (13/19),76314.39
SG-50403,Silenc. Del. c/Boq.  Renault Sandero y Logan 1.6 16V (13/19),43904.32
SG-50453,"Reempl. Sil. Interm. R. Logan, Sandero, Oroch y Duster",46833.59
SG-50489,"Silenc. Tras. R. Kangoo 1.6 I, 1.6 16V y Dies. 1.9 Ref. Gas",77472.51
SG-50490,Silenc. Del. Galv. Renault Kangoo II 1.6 Sce (18->),70279.84
SG-50491,Silenc. Tras. Galv. Renault Kangoo II 1.6 Sce (18->),95392.86
SG-50492,Silenc. Tras. Renault Kangoo II 1.6 Sce (18->) Reforma Gas,77411.56
SG-50493,Silenc. Tras. Renault Kangoo II 1.6 Sce (18->) Reforma Gas,71925.62
SG-50610,Silenc. Interm. Galv. Renault Fluence 2.0 (10/18),75826.75
SG-50611,Silenc. Tras. Galv. Renault Fluence 2.0 (10/18),109656.21
SG-50700,Silenc. Interm. Galv. Renault Duster 1.6 16V (12/20),74607.67
SG-50701,Silenc. Tras. Galv. Renault Duster 1.6 16V (12/20),106913.29
SG-50702,Silenc. Interm. Galv. Renault Duster 2.0 16V (12/22),81678.34
SG-50703,Silenc. Tras. Galv. Renault Duster 2.0 16V (12/22),102890.32
SG-50704,Silenc. Interm. Galv. Renault Duster 2.0 4x4 (12/18),91979.56
SG-50705,Silenc. Tras. c/cola Renault Oroch 1.6 y 2.0 16V (16/22),95758.71
SG-50706,Silenc. Tras. Galv. Renault Duster 2.0 4x4 (12/18),109656.21
SG-50715,Silenc. Tras. Galv. Renault Duster 1.6 16V(12/20) Refor. Gas,84116.50
SG-50750,Reemp. Silenc. Interm. Renault Duster y Oroch - 2.0 16V,55102.40
SG-60101,Silenc. Tras. Peugeot Partner 1.4 y Diesel 1.9 Reforma Gas,65891.26
SG-60111,Silenc. Tras. Galv. Peugeot Partner 1.6 HDI (10->),86067.02
SG-60112,Silenc. Interm. Galv Peugeot Partner 1.4 (10/17),88992.81
SG-60113,Silenc. Tras. Galv. Peugeot Partner 1.4 (10/17),93137.69
SG-60201,Silenc. Tras. Galv. Peugeot 307 y 308 1.6 16V S/Baúl,81495.47
SG-60300,Silenc. Interm. Galv. Peugeot 408 - 2.0 (11/18),101793.15
SG-60302,Silenc. Del. Galv. Peugeot 408 - 1.6 16V (15/21),72657.15
SG-60560,Silen. Interm. Galv. Peugeot 207 1.6 16V (08/13),49189.86
SG-60561,Silenc. Tras. Galv. Peugeot 207 1.4 y 1.6 c/Baúl,83385.05
SG-60599,Silenc. Interm. Galv. Peugeot 208 - 1.6 16V (13/19),101183.61
SG-60600,Silenc. Tras. Galv. Peugeot 208 1.5 8V y 1.6 16V,102097.92
SG-60602,Silenc. Interm. Galv. Peugeot 208 1.6 16V (19->),93625.32
SG-60603,Silenc. Tras. Galv. Peugeot 208 1.6 16V (19->),104779.90
SG-70100,Silenc. Interm. Galv. Toyota Etios 1.5  s/Baúl  (13 ->),79544.95
SG-70101,Silenc. Interm. Galv. Toyota Etios 1.5  c/Baúl  (13 ->),79605.90
SG-80088,Silenc. Interm. Citroen C3 Picasso y C3 Aircross 1.6 (10/21),90760.48
SG-80089,Silenc. Tras. Citroen C3 Picasso y C3 Aircross 1.6 (10/21),84847.94
SG-80101,Silenc. Interm. Galv. Citroen C3 1.6 16V (13/22),94478.67
SG-80102,Silenc. Tras. Galv. Citroen C3 1.6 16V y 1.5 8V (13/22),119896.48
SG-80600,Silenc. Interm. Galv. Jeep Compass 2.4 (17/21),61563.52
SG-80601,Silenc. Tras. Galv. Jeep Compass 2.4 (17/21),120079.35
SG-80650,Silenc. Interm. Galv. Jeep Renegade 1.8 (16/25),84098.14
SG-80651,Silenc. Tras. Galv. Jeep Renegade 1.8 (16/25),140635.55
SGE-33,"Silenc. Tras. Econ. Chevrolet Corsa 1.6, 1.4 y Diesel s/Baúl",59308.23
SGE-34,"Silenc. Tras. Econ. Chevrolet Corsa 1.6, 1.4 y Diesel c/Baúl",61380.66
SGE-79,Silenc. Tras. Econ. Chevrolet Meriva - 1.8 (03/13),71925.70
SGE-100,Silenc. Tras. Econ.  VW y Dodge 1500,43216.37
SGE-100/2,Silenc. Universal Económico Ovalado Chico x 333 mm,45898.35
SGE-128,"Silenc. Tras. Econ. VW Gacel GL y Senda 1.6, Diesel",69365.63
SGE-141,Silenc. Tras. Econ. VW Gol Nacional y Brasilero 1.6,66378.89
SGE-146,"Silenc. Tras. Econ. VW Gol 1.6I, 1.6 MI y Diesel y 1.8 I",71864.75
SGE-146/1,Silenc. Tras. Econ. VW Gol Power 1.4 y 1.6,76802.02
SGE-163,"Silenc. Tras. Econ. Fiat Palio 1.6 16V, 1.7 Diesel y 1.7 TD",64184.54
SGE-196,Silenc. Tras. Económico Fiat Duna,65708.39
SGE-198,"Silenc. Tras. Económico Fiat Uno 1500, Tipo 1.6",60527.30
SGE-214/1,Silenc. Tras. Econ. Fiat Spazio 1.4 Tipo y Diesel 1300,60283.49
SGE-240,"Silenc. Tras. Econ. Ford Falcon- 188, 221, Max Econo y Rural",61075.89
SGE-253,"Silenc. Tras. Econ. Ford Escort - Audi 1.6, 1.8, XR3 (91/94)",59430.13
SGE-261,"Silenc. Tras. Econ. Ford Orion - 1.6, 1.8, 2.0 (94/96)",71681.88
SGE-262,Silenc. Tras. Econ. Ford Escort 2.0 I XR3 (95/96),70828.53
SGE-270,Silenc. Trasero Económico Ford F100,56626.25
SGE-323,"Silenc. Tras. Econ. Ford Fiesta 1.0, 1.3, 1.4 y Diesel 1.8",62660.69
SGE-325,Silenc. Tras. Econ. Ford Fiesta y Ecosport - 1.6 I (02/07),64001.68
SGE-326,Silenc. Tras. Econ. Ford Ka - 1.3 I (97/99),58515.82
SGE-381,Silenc. Tras. Econ. Renault 19 RN 1600 y Diesel 1.9 S/Baúl,69182.77
SGE-382,"Silenc. Tras. Econ. R.19 RE 1.6, RT 1700 y Dies. 1.9 C/Baúl",69731.36
SGE-391,"Silenc. Tras. Econ. Renault Clio 1.4, 1.6 y Dies 1.9 (94/99)",62843.56
SGE-394,Silenc. Tras. Econ. Renault Clio II - Sin Baúl (00/09),75582.94
SGE-406,"Silenc. Tras. Econ. Renault Megane 1.6, 2.0 y 1.9 TD (97/09)",78630.64
SGE-406/1,Silenc. Tras. Econ. Renault Megane y Scenic 1.6 16V (00/11),78630.64
SGE-460,Silenc. Tras. Econ. Renault 12 1400,53822.37
SGE-462,Silenc. Tras. Econ. Renault 12 - 1600 Caja 5ta,53273.78
SGE-471,Silenc. Tras. Econ. Renault 18 Break GTX,56870.07
SGE-475,Silenc. Tras. Econ. Renault 18 1400,54005.23
SGE-483,Silenc. Tras. Econ. Renault 11 1600,67537.01
SGE-486,Silenc. Tras. Econ. Renault 9 y 9 TXE - 1600,68451.32
SGE-511,Silenc. Tras. Econ. Peugeot 504 (83/90) y 505 (81/92),61075.89
SGE-512,Silenc. Tras. Econ. s/Sobre Dif. P. 504(83/90) y 505(81/92),51506.12
SGE-552,Silenc. Tras. Econ. Peugeot 206 - 1.6 16V y 1.4 8V (04/08),68268.46
SGE-2266,Silenc. Tras. Econ. Ford Fiesta - 1.3 I y Diesel 1.8 (95/96),56138.62
SJ-5200,Silenc. Junior Ford Escort 1.6 (86/90) y (93/94),70523.76
SJ-5205,"Silenc. Junior Ford Escort XR3 1.8 I, 2.0 I (94/96)",81007.84
SJ-5210,Silenc. Junior Ford Escort 1.8 I   s/Baúl   (97/03),79605.90
SJ-5218,Silenc. Junior F. Focus 1.8 I Zetec s/Baúl y 1.6 s/Baúl,71255.21
SJ-5219,Silenc. Junior Ford Focus 1.6 y 2.0 c/Baúl,72413.33
SJ-5222,Silenc. Junior Ford Focus III  2.0 (13/20),98135.91
SJ-5227,Silenc. Junior Ford Ka - 1.3 I (97/02),80824.98
SJ-5228,Silenc. Junior Ford Ka 1.0 y 1.6 (03/08),72779.06
SJ-5229,Silenc. Junior  Ford Ka  1.6 I  (08/10),70036.13
SJ-5232,Silenc. Junior Ford Fiesta 1.3 I (95/96),72535.24
SJ-5235,"Silenc. Junior Ford Fiesta 1.3I, 1.4I (97/99) y Dies (97/02)",69914.22
SJ-5236,Silenc. Junior Ford Fiesta 1.6 I (02/14),69182.77
SJ-5237,Silenc. Junior Ford Fiesta 1.4 TD (02/14 ),76192.48
SJ-5238,Silenc. Junior Ford Ecosport 1.6 I (03/08),72352.38
SJ-5239,Silenc. Junior Ford Fiesta Max 1.6 I (02/14),74363.86
SJ-5241,Silenc. Junior Ford Ecosport 1.6 (08/12),74729.58
SJ-5242,Silenc. Junior Ford Ecosport 2.0 (03/10),83019.32
SJ-5245,Silenc. Junior Ford Ecosport Kinetic 1.6 (12/20),83750.77
SJ-5246,Silenc. Junior Ford Ecosport Kinetic 2.0 (13/17),104840.85
SJ-5247,Silenc. Junior  Ford Ecosport 1.5 (17/22),76070.47
SJ-5250,Silenc. Junior Ford Ka 1.0 (08/10),70036.13
SJ-5251,Silenc. Junior Ford Ka 1.0 y 1.6 (10/14),69426.59
SJ-5252,Silenc. Junior Ford Ka 1.5 (16/20),84055.54
SJ-5260,Silenc. Junior Ford Fiesta Kinetic 1.6 16V  s/Baúl  (10/20),77777.28
SJ-5415,"Silenc. Junior VW Gol 1.6I, 1.8I, 2.0I y 1.6 MI (96/99)",82653.60
SJ-5416,Silenc. Junior VW Gol - 1.6 MI (00/11) y Power 1.4 (12/15),84177.45
SJ-5417,Silenc. Junior VW Gol - 1.0 I Parag. Envolvente (00/03),81007.84
SJ-5418,Silenc. Junior VW Gol 1.0 (99/00),80520.21
SJ-5419,Silenc. Junior VW Gol Trend 1.6 (08/22),80703.07
SJ-5420,Silenc. Junior VW Voyage 1.6 (07/20),84604.13
SJ-5421,Silenc. Junior VW Saviero 1.6 I (10/22),87468.97
SJ-5431,Silenc. Junior VW Polo - 1.6 I (97/09) y Diesel 1.9 (96/09),86737.52
SJ-5433,Silenc. Junior VW Polo 1.6 MSI  (17->),81373.57
SJ-5435,"Silenc. Junior VW Golf 1.8 I, 2.0 I, GTD 1.9 (96/99)",77228.70
SJ-5437,Silenc. Junior VW Golf IV - 1.6 I (99/12),82897.42
SJ-5445,Silenc. Junior VW Fox y Cross Fox 1.6 (04/19),79483.99
SJ-5465,Silenc. Junior VW Bora 2.0 (03/15),87834.69
SJ-5600,"Silenc. Junior Fiat Uno - 1.4, 1.6 (88/98)",74302.90
SJ-5601,"Silenc. Junior Fiat Duna 1.4, 1.6 (88/97)",78203.96
SJ-5603,Silenc. Junior Fiat Uno 1.3 Fire (03/06),75948.66
SJ-5604,Silenc. Junior Fiat Uno Evo 1.4 (10/16),93869.13
SJ-5615,"Silenc. Junior Fiat 147 - 1100, 1300 (83/91) y Tipo (90/96)",71072.34
SJ-5627,"Silenc. Junior Fiat Palio 1.6 16V, 1.7 TD y 1.3 Fire",76984.88
SJ-5628,Silenc. Junior Fiat Siena -1.6 I 16V y 1.7 TD (97/01),79727.81
SJ-5630,Silenc. Junior Fiat Strada 1.8 (04/10),77045.83
SJ-5632,Silenc. Junior Fiat Strada 1.6 16V E.torQ (11/19),79849.72
SJ-5645,Silenc. Junior Fiat Palio 1.8 (04/10),78813.50
SJ-5646,Silenc. Junior Fiat Palio 1.4 Fire (07/14),76802.02
SJ-5648,Silenc. Junior Fiat Palio 1.6 E.torQ (10/11),79666.86
SJ-5649,Silenc. Junior Fiat Palio E.torQ 1.6 (12/17),78996.36
SJ-5650,Silenc. Junior Fiat Punto 1.4 (07/18),78813.50
SJ-5651,Silenc. Junior Fiat Punto 1.8 (07/11),80642.12
SJ-5655,Silenc. Junior Fiat Siena 1.4 Fire (07/10),88017.55
SJ-5670,Silenc. Junior Fiat Cronos 1.3 (18->),82287.82
SJ-5805,Silenc. Junior Peugeot 106 - 1.4 I (98/03),70279.94
SJ-5820,Silenc. Junior Peugeot 306 1.8 I S  s/Baúl (96/98),71681.88
SJ-5821,Silenc. Junior Peugeot 306 - 1.8 I Con Baúl (96/98),73937.18
SJ-5825,Silenc. Junior Peugeot Partner - 1.9 (98/04),71438.07
SJ-5830,Silenc. Junior Peugeot 207 - 1.4 y 1.6 16V (08/16)  Sin Baúl,76253.43
SJ-5831,Silenc. Junior Peugeot 206 - 1.6 I Nacional (00/04),74424.81
SJ-5832,Silenc. Junior Peugeot 206 - Diesel (98/08),73388.60
SJ-5835,Silenc. Junior Peugeot 207 - 1.4 y 1.6 16V (08/15)  Con Baúl,76436.29
SJ-5837,Silenc. Junior Peugeot 208 - 1.5 (13/17) y 1.6 16V (13/19),77411.56
SJ-5839,Silenc. Junior Peugeot 208 - 1.6 16V (19 ->),72230.47
SJ-5840,Silenc. Junior Peugeot 307 - 1.6 16V s/Baúl (01/10),77594.42
SJ-5841,Silenc. Junior Peugeot 307 - 1.6 16V con Baúl (01/10),80276.40
SJ-5842,Silenc. Junior Peugeot 307 HDI 2.0 s/Baúl (01/06),77411.56
SJ-5843,Silenc. Junior Peugeot 308 1.6 16V (12/22),93259.59
SJ-6014,Silenc. Junior Renault Twingo (94/01),70158.03
SJ-6022,Silenc. Junior Renault 9 (84/95),80520.21
SJ-6040,"Silenc. Junior Renault 19 - 1.6, 1.7 y Dies. 1.9  Sin Baúl",82775.51
SJ-6041,"Silenc. Junior Renault 19 - 1.6, 1.7 y Diesel 1.9  Con Baúl",83567.91
SJ-6057,"Silenc. Junior Renault Clio 1.4 I, 1.6 I y Dies. 1.9 (94/99)",80824.98
SJ-6058,"Silenc. Junior R. Clio II - 1.6 I, 1.2 I y Dies. 1.9 s/Baúl",76619.16
SJ-6059,"Silenc. Junior R. Clio II - 1.6 I, 1.2 I y Dies. 1.9 c/Baúl",81312.61
SJ-6061,Silenc. Junior Renault Clio II - 1.2 I 16V Sin Baúl (03/12),79544.95
SJ-6062,Silenc. Junior Renault Clio II - 1.2 I 16V Con Baúl (03/10),90516.66
SJ-6063,Silenc. Junior Renault Clio Mio - 1.2 (12/17),77167.74
SJ-6070,"Silenc. Junior R. Megane 1.6 I 8V, 1.9 TDI y 2.0 I  Sin Baúl",84847.94
SJ-6071,"Silenc. Junior R. Megane 1.6 I 8V, 1.9 TDI y 2.0 I  Con Baúl",88017.55
SJ-6072,Silenc. Junior Renault Megane 1.6 I 16V   Sin Baúl  (00/09),84604.13
SJ-6073,Silenc. Junior Renault Megane 1.6 I 16V   Con Baúl  (00/09),87895.64
SJ-6076,"Silenc. Junior Ren. Megane II - 1.6I, 1.5 DCI c/Baúl (06/11)",86310.84
SJ-6080,Silenc. Junior Renault  Kangoo (99/18),81190.71
SJ-6082,Silenc. Junior Renault Kangoo II - 1.6 Sce (18->),78630.58
SJ-6086,Silenc. Junior Renault Scenic 1.6 I 16V (00/11),84482.22
SJ-6090,Silenc. Junior Renault Logan - 1.6 I 16V (07/13),75339.12
SJ-6091,Silenc. Junior Renault Logan - 1.6  8V y 16V (13/19),78447.78
SJ-6093,Silenc. Junior Renault Sandero - 1.6 (08/13),76192.48
SJ-6094,Silenc. Junior Renault Sandero - 1.6 8V 16V (13/19),76192.48
SJ-6100,Silenc. Junior Renault Symbol - 1.6  16V  (09/14),84604.13
SJ-6110,Silenc. Junior Renault Duster 1.6 (11/20),75582.94
SJ-6120,Silenc. Junior Renault Fluence 2.0 (10/18),96002.52
SJ-6200,Silenc. Junior Chev. Corsa 1.6 I Sin Baúl y Classic 1.4 I,72047.61
SJ-6201,Silenc. Junior Chevrolet Corsa - 1.6 I  Con Baúl   (95/09),75948.66
SJ-6202,Silenc. Junior Chevrolet Corsa II - 1.8 I  Sin Baúl  (99/11),73876.23
SJ-6203,Silenc. Junior Chevrolet Corsa II - 1.8 I  Con Baúl  (02/11),78325.87
SJ-6230,Silenc. Junior Chevrolet  Astra GLS 2.0 I Con Baúl (99/03),89419.49
SJ-6231,Silenc. Junior Chev. Astra CD 2.0 y Astra II 2.0 c/Baúl,89602.35
SJ-6232,Silenc. Junior Chev. Astra y Astra II - 2.0  s/Baúl  (99/11),87651.83
SJ-6240,Silenc. Junior Chevrolet Meriva 1.8 (03/13),74607.67
SJ-6250,Silenc. Junior Chevrolet Vectra 2.0  Sin Baúl  (07/11),88261.37
SJ-6260,Silenc. Junior Chevrolet  Aveo 1.6  (08/14),90150.94
SJ-6270,Silenc. Junior Chevrolet  Agile 1.4  (09/17),71438.07
SJ-6280,Silenc. Junior Chevrolet Prisma y Onix 1.4 (13/21),76619.16
SJ-6450,Silenc. Junior Toyota Etios 1.5  Sin Baúl  (13->),79240.18
SJ-6451,Silenc. Junior Toyota Etios 1.5  Con Baúl  (13->),82897.42
SJ-6600,Silenc. Junior Suzuki Fun 1.0 I (03/11),70767.57
SJ-6601,Silenc. Junior Chevrolet Celta 1.4 (11/15),70706.62
SJ-6800,Silenc. Junior Citroen C3 - 1.6 16V  (03/13),76862.97
SJ-6802,Silenc. Junior Citroen C3 - 1.6 16V (13/22),104840.85
TD-32,Intermedia c/Turbo Chevr. Corsa 1.6 y 1.4 (98/14),56016.71
TD-100,turbo central elimina silenc.original mod.73-92,29623.64
TD-127,Turbo prim. c/intermedio VW Gacel y Senda,57784.38
TD-127/1,turbo intermedio con cola,62599.74
TD-128,Turbo doble VW Gacel 1.6 (83/95),73510.50
TD-170,conjunto completo con salida de motor y turbo,57418.65
TD-192,conjunto armado turbo central y trasero Fiat 128,96002.52
TD-195,Turbo Intermedio Fiat Uno y Duna 1.6 (88/98),49555.59
TD-196,turbo trasero cola original cromada,59369.18
TD-198,turbo trasero cola original cromada,53151.87
TD-214,Conjunto armado turbo central y trasero F. Spazio - Tipo 1.4,77289.65
TD-235,Turbo tras. Cola cromada F. Falcon 221 (70/89),80764.03
TD-252/1,"Turbo tras. Cola Original F. Escort y Audi 1.6, 1.8 y Xr3",46325.03
TD-280,Turbo central F100 fase II (72/81),39498.18
TD-313/1,Turbo tras. Cola original Ford Taunus GLX (77/82),59734.90
TD-315,Turbo del.c/Intermedia F.Taunus GLX,68817.05
TD-410,turbo tras. doble cola cromada   Torino 7 Bancadas,136658.83
TD-420,turbo central doble elimina silenciador original,56931.02
TD-460,Turbo trasero R12 TS,44191.64
TD-460/1,Turbo Tras. Cola Original Cromada R12 1400,43643.05
TD-462/1,Turbo trasero cola original  cromada Mod.91,43033.51
TD-469,Turbo intermedio R18-Break GTX,62112.11
TD-505,turbo central elimina silenciador intermedio,26271.17
TD-510,Turbo central elimina silenciador intermedio,28648.37
TD-512,turbo trasero cola cromada con sobre diferencial,55650.99
TD-800,"Turbo Cental Univer. Ø3"" - Largo: 450mm Boq. Ø1""7/8 y Ø1""3/4",26941.66
TD-800/1,"Turbo Cental Univer. Ø3"" - Largo: 450mm Boq. Ø1""7/8 y Ø1""3/4",30537.95
TD-800/2,"Turbo Cental Univer. Ø3"" - Largo: 450mm   Boq. Ø 2"" 1/8",28465.51
TD-801,"Turbo Cental Univer. Ø3"" - Largo: 550mm Boq. Ø2"" y Ø1""7/8",32854.20
TD-801/1,"Turbo Cental Univer. Ø3"" - Largo: 550mm Boq. Ø2"" y Ø1""7/8",41022.03
TD-801/2,"Turbo Cental Univer. Ø3"" - Largo: 550mm Boq. Ø 2"" 1/8",34743.77
TD-802,"Turbo Cental Univer. Ø3"" - Largo: 650mm Boq. Ø2""1/8 y Ø1""7/8",36938.11
TD-803,"Turbo Cental Univer. Ø3"" - Largo: 650mm Boq. Ø 2"" 1/8",37060.02
TD-804,"Turbo Cental Univer. Ø3"" 1/2 - Largo: 400mm   Boq. Ø 1"" 7/8",32305.61
TD-804/1,"Turbo Cental Univer. Ø3"" 1/2 - Largo: 400mm   Boq. Ø 2"" 1/8",32305.61
TD-805,"Turbo Cental Univer. Ø3"" 1/2 - Largo: 450mm   Boq. Ø 2"" 1/8",38827.69
TD-806,"Turbo Cental Univer. Ø3"" 1/2 - Largo: 550mm   Boq. Ø 2"" 1/8",46385.98
TD-807,"Turbo Cental Univer. Ø3"" 1/2 - Largo: 650mm   Boq. Ø 2"" 1/8",54005.23
TD-50401,Turbo Central Renault Logan y Sandero 1.6 8V (13/19),37060.02
TD-70100,Turbo Trasero Toyota Etios 1.5 s/Baúl (13->),51201.35
TD-70101,Turbo Trasero Toyota Etios 1.5 c/Baúl (13->),54858.58
A-879,"Abrazadera Cadmeada 1""1/4",2709.99
A-880,"Abrazadera Cadmeada 1""3/8",2744.47
A-881,"Abrazadera Cadmeada 1""1/2",2823.78
A-882,"Abrazadera cadmeada 1""5/8",2872.06
A-883,"Abrazadera cadmeada 1""3/4",2954.79
A-884,"Abrazadera cadmeada 1""7/8",2879.73
A-885,"Abrazadera cadmeada 2""",3078.93
A-886,"Abrazadera cadmeada 2""1/8",3051.96
A-887,"Abrazadera cadmeada 2""1/4",3341.42
A-888,"Abrazadera cadmeada 2""3/8",3554.41
A-889,"Abrazadera cadmeada 2""1/2",3633.40
A-890,"Abrazadera cadmeada 2""5/8",3719.90
A-890/1,"Abrazadera cadmeada 2""3/4",4653.32
A-890/2,"Abrazadera cadmeada 2""7/8",4710.37
A-891,"Abrazadera cadmeada 3""",5639.42
A-891/1,"Abrazadera cadmeada 3"" 1/8",5810.55
A-892,"Abrazadera cadmeada 3""1/2",6103.94
A-892/1,"Abrazadera cadmeada 3"" 5/8",6376.95
A-893,"Abrazadera cadmeada 4""",6731.43
A-893/1,"Abrazadera cadmeada 4"" 1/8",6935.17
A-894,"Abrazadera cadmeada 4""1/2",7147.06
A-894/1,"Abrazadera cadmeada 4"" 5/8",7558.61
A-895,"Abrazadera cadmeada 5""",7807.16
A-895/1,"Abrazadera cadmeada 5"" 1/8",8393.92
A-910,Abrazadera p/Multipl.Fiat 128 Juego,6826.84
A-911,Abrazadera p/Multipl.Renault Juego,4693.46
A-912,Abrazadera p/Multipl.Citr”en Juego Chico,3657.23
A-913,Abrazadera p/M£ltipl.Citr”en Juego Grande,3657.23
A-918,Abrazadera p/M£ltipl.R 21 Juego,7009.70
APA-100,Anclaje Porta Auxiliar  S-10 (12 ->),127621.63
APA-200,Anclaje Porta Auxiliar Amarok 2.0 (10 ->),80233.35
APA-201,Anclaje Porta Auxiliar  Amarok 3.0 V6 (18->)  c/Cola Reforma,108134.32
APA-400,Anclaje Porta Auxiliar Ford Ranger (12/22),126494.02
APA-410,Anclaje Porta Auxiliar Ford Ranger (23 ->),110748.27
APA-500,Anclaje Porta Auxiliar Alaskan y Frontier 2.3 (18 ->),116898.42
APA-700,Anclaje Porta Auxiliar Toyota Hilux (16->),130223.79
AR-63,"Arrestallamas p/caño  Ø2"" 1/2",23893.92
ATR-10,"Antirrígido Articulado en 1""3/4",49250.82
ATR-12,"Antirrígido Articulado en 2""",55711.94
BR-55,"BRIDA ACOPLE 2""",9889.12
BR-1023,"BRIDA ACOPLE 3""",15722.08
BR-1024,"BRIDA ACOPLE 2""1/4",11369.15
BR-2007,"BRIDA ACOPLE 2""1/2",12198.19
C-9031,Camara Juki Dribbling,13409.88
C-9032,Camara Mondial S-1,13409.88
C-9033,Camara Mondial M1,13409.88
C-9050,Camara Garelli NOI,13409.88
C-9052,Camara Garelli NOI '92,13409.88
CA-301,Cola ac. inox. red. diam. 60 x 127 mm,33829.46
CA-301/1,Cola ac. inox. red. diam. 60 x 236 mm,45837.40
CA-302,Cola ac. inox. red. diam. 60 x 264 mm,48885.09
CA-303,Cola ac. inox. c/curva diam. 60 x 264 mm,53639.50
CA-304,"Cola ac. inox. red. diam. 3"" x 257 mm",50835.62
CA-305,"Cola ac. inox. c/curva diam. 3"" x 264 mm",57174.84
CA-307,Cola ac. inox. oval. 85 x 60 x 166 mm,42180.16
CA-312,Cola ac. inox. oval. 80 x 72 x 115 mm,54492.86
CA-314,Cola ac. inox. red. diam. 45 x 120 mm,46995.52
CA-315,"Cola ac. inox. red. diam. 3"" x 120 mm",54492.86
CA-315/1,"Cola ac. inox. red. diam. 3"" x 140 mm",62721.65
CA-330,Cola ac. inox. oval. 90 x 55 x 110 mm,60527.30
CA-331,Cola ac. inox. oval. 105 x 70 x 138 mm,58637.73
CA-332,Cola acero inox. oval. 93 x 55 x 120 mm,57540.56
CA-398,"Cola acero inox. red. diam. 3"" x 120",58576.78
CC-15,"Cola Cr. Forr.  Ø2""1/2 x 150mm  Ø entrada 2""- Tipo Turbo",19261.43
CC-16,"Cola Cromada Forr.  Ø2""1/2 x 190mm  Ø entrada 2""- Tipo Iava",19444.32
CC-17,"Cola Cromada Forr.  Ø2""1/2 x 190mm  Ø entrada 2""- Tipo Iava",20053.86
CC-19,"Cola Cromada Simple Ø1"" 3/4 x 190 mm   Tipo BMW",19078.60
CC-20,"Cola Cromada Simple Ø1"" 7/8 x 190 mm   Tipo BMW",18347.15
CC-21,"Cola Cromada Simple Ø2"" x 190 mm   Tipo BMW",18469.06
CC-22,"Cola Cromada Simple Ø2"" 1/8 x 190 mm   Tipo BMW",21272.94
CC-29,"Cola Cromada Curva Simple   Ø2"" 1/4 x 350 mm",26636.89
CC-30,"Cola Cromada Curva Simple    Ø2"" 1/2 x 350 mm",27916.92
CC-31,"Cola Cromada Forr.  Ø3"" x 190mm Ø entrada 2"" 1/8 - Ovalada",24747.32
CC-40,"Cola Cr.  Simple  Øext. entrada 2"" 1/8 x 160 mm  Ovalada",18590.96
CC-42,"Cola Crom.Ov.Simple 2""x170mm",18590.96
CC-50,"Cola Cromada Forr. Ø3"" x 175mm Ø entrada 2"" 1/8 - Tipo Lotus",25539.72
CC-55,"Cola Cromada Forr.  Ø3"" x 140mm Ø entrada 2"" 1/8 - Ovalada",23954.92
CC-55/1,"Cola Cromada Forr. Ø3"" x 140mm Øentrada 2"" 1/8 Int. Perfor.",24015.87
CC-56,"Cola Cromada Forr.  Ø3"" x 140mm Ø entrada 2"" 1/8 - Redonda",23954.92
CC-56/1,"Cola Cromada Forr. Ø3""x140mm Øext. ent. 2""1/8 Int. Perf. Red",24015.87
CC-60,"Cola Crom. Forr. Ventilada Ø2""1/2 x 145mm  Ø Ext. entrada 2""",19261.46
CC-61,"Cola Crom. Forr. Ventilada Ø3"" x 145mm Ø Ext. entrada 2"" 1/8",23406.33
CC-500,"Cola Crom. Ø Int. entr. 2""1/2 - Ø Ext. salida 3""1/2 (Recta)",25844.49
CC-501,"Cola Crom. ØInt. ent. 2""1/2- ØExt. salida 3""1/2 Rulo adentro",25844.49
CC-510,"Cola Crom. Ø Int. entr. 3"" - Ø Ext. salida 4"" (Recta)",32305.61
CC-511,"Cola Crom. Ø Int. entr. 3"" - Ø Ext. salida 4"" (Rulo adentro)",32305.61
CC-520,"Cola Crom. Ø Int. entr. 3""1/2 - Ø Ext. salida 4""1/2 (Recta)",35536.17
CC-521,"Cola Crom. ØInt. ent. 3""1/2- ØExt. salida 4""1/2 Rulo adentro",35536.17
CC-530,"Cola Crom. Ø Int. entr. 4"" - Ø Ext. salida 5"" (Recta)",38218.15
CC-531,"Cola Crom. Ø Int. entr. 4"" - Ø Ext. salida 5"" (Rulo adentro)",38218.15
CC-540,"Cola Crom. Ø Int. entr. 4""1/2 - Ø Ext. salida 5""1/2 (Recta)",45532.63
CC-541,"Cola Crom. ØInt. ent. 4""1/2- ØExt. salida 5""1/2 Rulo adentro",45532.63
CF-1,"Caño Flexible Hierro Galvanizado 1""3/4 x 0.5 mtrs",22537.15
CF-2,"Caño Flexible Hierro Galvanizado 1""3/4 x 1 mtrs",44977.57
CF-3,"Caño Flexible Hierro Galvanizado 1""3/4 x 1,5 mtrs",67514.74
CF-4,"Caño Flexible Hierro Galvanizado 1""7/8 x 0.5 mtrs",24084.78
CF-5,"Caño Flexible Hierro Galvanizado 1""7/8 x 1 mtrs",48169.53
CF-6,"Caño Flexible Hierro Galvanizado 1""7/8 x 1.5 mtrs",72254.35
CF-7,"Caño Flexible Hierro Galvanizado 2"" x 0.5 mtrs",25632.38
CF-8,"Caño Flexible Hierro Galvanizado 2"" x 1 mtrs",51264.79
CF-9,"Caño Flexible Hierro Galvanizado 2"" x 1.5 mtrs",76897.17
CF-10,"Caño Flexible Hierro Galvanizado 3"" x 0.5 mtrs",38400.23
CF-11,"Caño Flexible Hierro Galvanizado 3"" x 1 mtrs",76800.45
CF-12,"Caño Flexible Hierro Galvanizado 3"" x 1.5 mtrs",115200.68
CF-13,"Caño Flexible Hierro Galvanizado 3""1/2 x 0.5 mtrs",44687.41
CF-14,"Caño Flexible Hierro Galvanizado 3""1/2 x 1 mtrs",89374.82
CF-15,"Caño Flexible Hierro Galvanizado 3""1/2 x 1.5 mtrs",134062.25
CF-16,"Caño Flexible Hierro Galvanizado 4"" x 0.5 mtrs",51168.06
CF-17,"Caño Flexible Hierro Galvanizado 4"" x 1 mtrs",102239.37
CF-18,"Caño Flexible Hierro Galvanizado 4"" x 1.5 mtrs",153407.43
CF-19,"Caño Flexible Hierro Galvanizado 4""1/2 x 0.5 mtrs",57455.24
CF-20,"Caño Flexible Hierro Galvanizado 4""1/2 x 1 mtrs",114910.52
CF-21,"Caño Flexible Hierro Galvanizado 4""1/2 x 1.5 mtrs",172365.75
CF-22,"Caño Flexible Hierro Galvanizado 5"" x 0.5 mtrs",63935.89
CF-23,"Caño Flexible Hierro Galvanizado 5"" x 1 mtrs",127775.07
CF-24,"Caño Flexible Hierro Galvanizado 5"" x 1.5 mtrs",191710.94
CR-860,"Caño recto Ø 1"" 1/4 - 31,75 mm",32183.70
CR-861,"Caño recto Ø 1"" 3/8 - 34,92 mm",36084.76
CR-862,"Caño recto Ø 1"" 1/2 - 38,1 mm",30903.67
CR-863,"Caño recto Ø 1"" 5/8 - 41,27 mm",40046.77
CR-864,"Caño recto Ø 1"" 3/4 - 44,45 mm",43216.37
CR-865,"Caño recto Ø 1"" 7/8 - 47,62 mm",45776.44
CR-866,"Caño recto Ø 2"" - 50,8 mm",48580.32
CR-867,"Caño recto Ø 2"" 1/4 - 57,15 mm",55163.35
CR-868,"Caño recto Ø 2"" 1/2 - 63,5 mm",59430.13
CR-869,"Caño recto Ø 3"" - 76,2 mm",73022.87
CR-870,"Caño recto Ø 3"" 1/2 - 88,9 mm",97526.37
CR-871,"Caño recto Ø 4""  - 101.60 mm",114593.49
CR-872,"Caño recto Ø 4"" 1/2 - 114.30 mm",128430.04
CR-873,"Caño recto Ø 5"" - 127 mm",148722.63
CS-9031,Camara con Sordina Juki Dribbling,14019.42
CS-9032,Camara con Sordina Mondial S-1,14019.42
CS-9050,Camara con Sordina Garelli NOI,14019.42
CS-9052,Camara con Sil.  Garelli NOI'92,14019.42
CU-840,"Cupla Ø1"" 1/2 - Largo: 100mm - Aboq. a Ø1"" 5/8",6400.17
CU-841,"Cupla Ø1"" 5/8 - Largo: 120mm - Aboq. a Ø1"" 3/4",6765.89
CU-842,"Cupla Ø1"" 3/4 - Largo: 120mm - Aboq. a Ø1"" 7/8",6887.80
CU-843,"Cupla Ø1"" 7/8 - Largo: 120mm - Aboq. a Ø2""",7009.71
CU-844,"Cupla Ø2"" - Largo: 120mm - Aboq. a Ø2"" 1/8",7131.62
CU-845,"Cupla Ø2"" 1/4 - Largo: 120mm - Aboq. a Ø2"" 3/8",7436.39
CU-846,"Cupla Ø2"" 1/2 - Largo: 160mm - Aboq. a Ø2"" 3/8",8411.65
CU-847,"Cupla Ø3"" - Largo: 160mm - Aboq. a Ø3"" 1/8",9143.10
CU-848,"Cupla Ø3"" 1/2 - Largo: 180mm - Aboq. a Ø3"" 5/8",11215.53
CU-849,"Cupla Ø4"" - Largo: 180mm - Aboq. a Ø4"" 1/8",12312.70
CU-850,"Cupla Ø4"" 1/2 - Largo: 200mm - Aboq. a Ø4"" 5/8",14080.37
CU-851,"Cupla Ø5"" - Largo: 200mm - Aboq. a Ø5"" 1/8",14855.94
CUD-880,"Cupla Doble Ø1"" 1/2 - Largo: 160 mm",8045.92
CUD-881,"Cupla Doble Ø1"" 5/8 - Largo: 180 mm",8838.31
CUD-882,"Cupla Doble Ø1"" 3/4 - Largo: 180 mm",9264.99
CUD-883,"Cupla Doble Ø1"" 7/8 - Largo: 180 mm",9569.75
CUD-884,"Cupla Doble Ø2"" - Largo: 180 mm",9935.49
CUD-885,"Cupla Doble Ø2"" 1/4 - Largo: 180 mm",10727.87
CUD-886,"Cupla Doble Ø2"" 1/2 - Largo: 220 mm",12800.33
CUD-887,"Cupla doble  3""",14872.75
CUD-888,"Cupla Doble Ø3"" 1/2 - Largo: 240 mm",19931.92
CUD-889,"Cupla Doble Ø4"" - Largo: 240 mm",22796.76
CUD-890,"Cupla Doble Ø4"" 1/2 - Largo: 260 mm",27673.06
CUD-891,"Cupla doble  5""",29470.78
D-9300,Salida motor Yamaha FZ-16,34887.09
D-9400,Salida motor Yamaha Crypton T105,26794.16
E-920,Espárrago p/Múltiple  Fiat 600,609.54
E-921,Espárrago p/Múltiple  Fiat 125 - 1500 - R12,609.54
E-924,Espárrago p/Múltiple  Ford Sae - Torino 7 banc.,853.36
E-925,Espárrago p/Múltiple  Chevrolet,731.45
E-926,Espárrago p/Múltiple  Dodge 1500 - Perkins,1219.08
E-927,Espárrago p/Múltiple  Torino 4 banc.,1219.08
E-928,Espárrago p/Múltiple  Peugeot,1097.17
E-929,Espárrago p/Múltiple  F100 - Falcon,853.36
E-930,Espárrago p/Múltiple  F100 - Fase II,1706.71
E-931,Espárrago p/Múltiple  Ford Taunus,1767.67
E-932,Espárrago p/Múltiple  Toyota,1097.17
E-933,Espárrago p/Múltiple  R11,1828.62
E-934,Espárrago p/Múltiple  Renault R19,3535.33
E-935,Espárrago p/Múltiple  Rastrojero,1219.08
FLEX-50,"Flexible Ø1"" 3/4 x 100 mm con boquilla",41753.48
FLEX-50/1,"Flexible Ø1"" 3/4 x 100 mm",29257.91
FLEX-51,"Flexible Ø1"" 3/4 x 200 mm con boquilla",48397.46
FLEX-52,"Flexible Ø2"" x 100 mm con boquilla",45410.72
FLEX-52/1,"Flexible Ø2"" x 100 mm",31086.53
FLEX-53,"Flexible Ø2"" x 200 mm con boquilla",65830.30
FLEX-54,"Flexible Ø2"" 1/2 x 125 mm con boquilla",77411.56
FLEX-55,"Flexible Ø3"" x 200 mm con boquilla",88383.27
FLEX-55/1,"Flexible Ø3"" x 100 mm",72535.24
FLEX-56,"Flexible Ø 3""1/2 x 200 mm con boquilla",181642.87
FLEX-57,"Flexible Ø4"" x 220 mm con boquilla",213338.94
JMU-9000,Junta M£ltiple Toyota Hilux 3.0 (01/05),8331.57
JMU-9001,"Junta M£ltiple Fiat 147 Tipo,Uno y Duna 1.4 y 1.6",9627.60
JMU-9002,"Junta M£ltiple Chevrolet Astra, Vectra 2.0 8V",9627.60
JMU-9003,Junta M£ltiple Chevrolet Corsa 1.6 18V,10549.71
JMU-9004,"Junta M£ltiple Chevrolet Astra, Vectra 2.0 16V",12219.63
JMU-9005,Junta M£ltiple Renault Megane 1.6 8v,8887.01
JMU-9006,Junta M£ltiple Volkswagen Gol Power 1.6,8887.01
JMU-9007,Junta M£ltiple Volkswagen Gol Trend 1.6,8887.01
JMU-9008,Junta M£ltiple Fiat Palio Fire 1.4 8V,7665.05
JMU-9009,Junta M£ltiple Peugeot 206 1.6 16V,8331.57
JMU-9010,Junta M£ltiple Fiat Palio 1.6 Etorq,11108.76
JMU-9011,Junta M£ltiple Peugeot 207 1.4 y 208 1.5,9627.60
JMU-9012,Junta M£ltiple Renault Clio Mio 1.2,8887.01
JMU-9013,Junta M£ltiple Ford Focus II 2.0 (08/13),12219.63
JMU-9014,"Junta M£ltiple Ford Fiesta, Focus y Ecosport 1.6",9874.45
JMU-9015,Junta M£ltiple Volkswagen Bora 2.0,11849.35
JMU-9016,Junta M£ltiple Ford Fiesta y Ka - 1.0 y 1.6,8887.01
JMU-9017,Junta M£ltiple Ford Focus III 2.0,11725.92
JMU-9018,Junta M£ltiple Chevrolet Cruze 1.8,12219.63
JSA-102,Junta Bedford,6398.65
JSA-107,Junta Chevrolet aro amianto,5598.82
JSA-111,Junta Dodge 1500,1777.41
JSA-111/1,Junta Dodge 1500 Laminada,4554.60
JSA-113,Junta Estanciera,1947.74
JSA-113/1,Junta Estanciera Laminada,4554.60
JSA-114,Junta Fiat 1100,1221.97
JSA-115,Junta Fiat 600,999.78
JSA-116,Junta Fiat 1500 - 1600,1777.41
JSA-117,Junta Fiat 125,1777.41
JSA-117/1,Junta Fiat 125 Laminada,5665.47
JSA-125,Junta F100 - Salida Motor,1955.14
JSA-125/1,Junta F100 - Salida Motor Laminada,5010.06
JSA-126,Junta F100 - Acople conexi¢n,1955.14
JSA-126/1,Junta F100 - Acople Conexi¢n Laminada,5010.06
JSA-129,Junta Falcon 188 c/Brida,1777.41
JSA-133,"Junta Falcon 188-221-Aro hierro 2""",5221.11
JSA-140,Junta Jeep,1777.41
JSA-143,Junta Mercedes Benz 3500-1112-1114,3110.46
JSA-143/1,Junta Mercedes Benz 608,2110.66
JSA-147,Junta Peugeot 403 - 1 Boca,836.87
JSA-148,Junta Peugeot 404 - 1 Boca,1059.04
JSA-149,Junta Peugeot 404 y 504 - 2 Bocas,1777.41
JSA-149/1,Junta Peug.404 y 504 - 2 Bocas Laminada,4554.60
JSA-152,Junta Perkins 6 Cil.Motor 6-354 aro,5599.13
JSA-156,Junta Rastrojero-52 HP-P63(61/68),1777.41
JSA-157,Junta Rastrojero Indenor Plana,1393.23
JSA-158,Junta Renault R12,1777.41
JSA-158/1,Junta Renault R12 Laminada,4554.60
JSA-163,Junta Torino 380 TS,3221.53
JSA-165,Junta Opel K180,1910.70
JSA-165/1,Junta Opel K180 - Laminada,5665.47
JSA-166,Junta Torino 7 bancadas,3221.53
JSA-169,Junta Mercedes Benz 1514-1517,3888.07
JSA-170,Junta Peugeot 505 y 504 - 2 Bocas(82/84),2110.66
JSA-170/1,Junta Peug.505 y 504-2 Bocas(82/84)Lam.,5665.47
JSA-171,Junta Dodge D-100-4 agujeros,2777.19
JSA-186,Junta Toyota,2777.19
JSA-187,Junta R18 - Fuego - Trafic,2110.66
JSA-187/1,Junta R18 - Fuego - Trafic Laminada,5998.72
JSA-189,Junta Fiat 147 Diesel,1777.41
JSA-190,Junta Volkswagen Gacel,1777.41
JSA-190/1,Junta Volkswagen Gacel Laminada,5665.47
JSA-191,Junta Peugeot Motor 2000,2332.85
JSA-192,Junta Peugeot 405 Diesel Ligero,2110.66
JSA-193,Junta Volkswagen kombi,2089.85
JSA-194,Junta Datsun 1600-1800-2000,2777.19
JSA-196,Junta Ford Sierra,2058.82
JSA-198,Junta Ford Escort Plana,1910.70
JSA-201,Junta Fiat Uno Motor Tipo,1777.41
JSA-201/1,Junta Fiat Uno Motor Tipo Laminada,4554.60
JSA-202,Junta Corsa-Fiat Uno y Duna-Aro Hierro,5221.11
JSA-203,"Junta Ford Max Econo Aro Hierro 1""7/8",5221.11
JSA-204,Junta R18 Juniors,1777.41
JSA-205,Junta Nissan,2777.19
JSA-205/1,Junta Nissan 6 Cilindros,2641.24
JSA-206,Junta Mercedes Benz 1215,5110.04
JSA-208,Junta Fiat Duna-Aro Amianto Int.,1221.97
JSA-209,Junta R19 Aro hierro chico,5221.19
JSA-213,Junta Ford Orion,4036.18
JSA-215,Junta Peugeot 405 y 205 Anillo,1777.43
JSA-216,Junta Volkswagen Senda Diesel,1777.41
JSA-217,Junta Chevette,2332.85
JSA-218,Junta Ford Fiesta,2058.82
JSA-219,Junta Peugeot 306,3221.53
JSA-220,Junta R19 1700/1800 Anillo,1555.22
JSA-222,Junta Volkswagen Gol GLI,1910.70
JSA-225,Junta Fiat Palio,1777.41
JSA-226,Junta Indenor XD2 Ligero,1777.41
JSA-227,Junta Chevrolet Monza 1800,3776.97
JSA-228,Junta Peugeot 405,1777.41
JSA-229,Junta Renault Clio / Fiat toro 2.0 td,1777.41
JSA-230,Junta Renault Cl¡o Inyecci¢n-Acople,1777.41
JSA-231,Junta Fiat Palio - Siena Torque,1777.41
JSA-234,Junta Peugeot 205 Inyecci¢n,2110.66
JSA-235,Junta Ford Mondeo Aro Hierro,4876.32
JSA-236,Junta MWM 229,4221.33
JSA-237,Junta Chevrolet Blazer Diesel,2443.92
JSA-238,Junta Chevrolet Blazer Nafta,2443.92
JSA-239,Junta Dodge Ne¢n Aro Hierro,2786.47
JSA-240,Junta Volkswagen Gol 1.8I,1777.41
JSA-241,Junta Volkswagen Gol 2.0 I,3110.46
JSA-242,Junta Mercedes Benz 1522,7482.98
JSA-243,Junta Mercedes Benz 1215 intermedio,3888.07
JSA-244,Junta Mercedes Benz 710,3888.07
JSA-248,Junta sal.catal.VW Golf D,3221.53
JSA-249,Junta sal.escape Polo Diesel,2392.09
JSA-250,Junta sal.Ford Focus-Fiesta,1777.41
JSA-251,Junta Sal.Esc.Renault Megane,3406.68
JSA-252,Junta Sal.Esc.Peugeot 405/ Escort,1777.41
JSA-254,Junta Sal.Esc.Fiat 619-N1,4665.67
JSA-255,Junta Sal.Esc.Turbo M.Benz 1517,3192.83
JSA-256,Junta Sal.Esc.M.Benz 355,3888.07
JSA-257,Junta Sal.Esc.Toyota 62mm x 78mm.,4998.94
JSA-257/1,Junta Aro Univ.40x52x4.5mm,5554.38
JSA-258,Junta Sal.Esc.Toyota 49mm.x 36mm.,4644.12
JSA-258/1,Junta Aro Univ.43x55x5.25mm,6109.82
JSA-259,"Junta Aro Univ.44,5x57x4.5mm.",5554.38
JSA-259/1,Junta Aro Univ.50.7x62x4.5mm,6946.68
JSA-260,Junta Aro Univ.56x67x5.25mm.,6946.68
JSA-261,Junta Aro Univ.60x70x5.26mm.,7776.13
JSA-262,Junta Aro Univ.71x82x5.20mm.,8664.84
JSA-268,Junta sal.Esc.Peugeot 405 TD,3110.46
JSA-269,Junta Peug.206-207/Citroen C3 1600-16V,4221.33
JSA-270,Junta VW Bora 2.0 - Acople equipo,2332.92
JSA-271,Junta VW Bora 1.8 Turbo,4036.18
JSA-272,Junta Sal. Esc. Renault-Ford (Megane-Mondeo-Focus),3332.63
JSA-273,"Junta Salida de Escape Fiat (Uno, Palio - 1.0-1.3)",1777.41
JSA-275,Junta Ford ranger 3.2 td,3110.46
JSA-276,Ranger 3.2 td,2332.85
JSA-278,Junta Toyota hilux 2.8 td,1777.41
JSA-279,Junta Peugeot 1.6 thp,2073.64
JSA-281,Junta Chevrolet S-10 2.8 td,1777.41
JSA-283,Junta VW polo 1.6 msi,1777.41
JSA-285,Junta Amarok v6,3110.46
JSA-286,Junta Chevrolet S-10 2.8 TD,3888.07
JSA-287,Junta Peugeot Boxer 2.2 HDI,3888.07
JSA-288,Junta Volkswagen Up 1.0,1851.47
JSU-1,Junta Chevrolet C20 /Ac.Prens.,5026.91
JSU-2,Junta Chevrolet Chevette/Ac.Prens.,3503.75
JSU-3,Jta.Ch.Corsa-Monsa-Vectra/P.306/405/Ac.Prens.,3641.24
JSU-4,Jta.Chrysler Neon 2.2L/2.5L c/conv./Ac.Prens.,8563.15
JSU-5,Jun. Chrys. caravan/ Shadow/ Sidwa,6277.87
JSU-6,Junta Daewo Espero Acero Prensado,4047.97
JSU-7,Junta Deutz F3L/4/651 Ac.Prensado,8173.57
JSU-8,Junta Fiat Duna/Uno/Ducato-Acero Prensado,3310.22
JSU-9,Junta Ford Escort-Acero Prensado,3503.75
JSU-10,Junta Ford Escort Motor Zetec-Ac.Prensado,5345.93
JSU-11,Junta Ford Explorer/Ranger Ac.Prensado,4758.72
JSU-12,Junta Ford Falcon Acero Prensado,3997.97
JSU-13,Junta Ford Fiesta Acero Prensado,4917.97
JSU-14,Junta Ford Galaxy Acero Prensado,3503.75
JSU-15,Junta Ford Max Econo Acero Prensado,3997.97
JSU-16,Junta Ford Mondeo Acero Prensado,6795.37
JSU-17,Junta Ford F100/F150 mwn-acero,4753.01
JSU-18,Junta Ford F14000 MWM Diesel-Ac.Prensado,4122.50
JSU-19,Junta Ford F4000 MWM Diesel Ac.Prensado,3900.27
JSU-20,Junta Jeep Cherokee-Ac.Prensado,4533.32
JSU-21,Junta Peugeot 205 Acero Prensado,5732.05
JSU-22,Junta Peugeot 405 SR Acero Prensado,5026.91
JSU-23,Jta.Citr”en C3/Peugeot 206-Naf-Ac.Prensado,3503.75
JSU-24,Junta Peugeot 306 Turbo Diesel-Ac.Prensado,4758.72
JSU-25,Junta Rastrojero Acero Prensado,3503.75
JSU-26,Jta.Ren.R-9/R-11/R-19/Traffic 1.6L-Ac.Prens.,4533.32
JSU-27,Jta.Renault 19/Clio 1.7L/1.8L-Ac.Prens.,5732.05
JSU-28,Jta.Renault Clio II-Ac.Prensado,3503.75
JSU-29,Junta Renault Laguna Ac.Prensado,8259.96
JSU-30,Junta Renault Megane Bic-Ac.Prensado,4533.32
JSU-31,Jta.Volkswagen Transporter-Ac.Prensado,6795.37
JSU-32,Junta Peugeot 405 SRI-Acero Prensado,5345.93
JSU-36,Jta Volksw.Polo/Caddy Dies-Ac.Prensado,6178.24
JSU-37,Jta.VW Gol/Gol Country/Saveiro/Santana-Ac.Prens.,3807.49
JSU-38,Junta Chevr.Vectra/Calibra,4198.54
JSU-39,Jta Chevrolet Corsa 4Cil.1.7L Dies-Ac.Prens.,2344.23
JSU-40,Jta.Chevr.Corsa II/Meriva TD1.7L/N1.0L,2137.88
JSU-41,Jta.Toy.Hilux Corolla/Celica/Hilux-Runner 4x2,2529.03
JSU-42,Jta.Toy.Hilux 4x4 4x2/Rav4/Camry/Dyna-Ac.Prens.,2720.80
JSU-43,Junta Toyota Hilux-Hilux Sw 4-Ac.Prensado,2921.14
JSU-44,Jta.Toy.Corolla/Land Cruiser Prado/Rav4/Corona,2401.78
JSU-45,Junta Toyota Hilux-08/Lan Cruiser-Ac.Prens.,5345.93
JSU-46,Jta.Toyota Corolla/Rav 4-Acero Prensado,4139.25
JSU-47,Jta.Toyota Corolla-Acero Prensado,5042.19
JSU-48,Jta.Toyota Corolla-Acero Prensado,4767.55
JSU-50,Jta.VW Gacel/Senda/Saveiro/Santana-Ac.Prens.,3503.75
JSU-51,Jta.Honda Accord/Civic/Prelude/Cr-v/Odissey-Ac.Pre,2720.80
JSU-53,Junta Renault Kwid 1.0L 12 V,3503.75
JSU-55,Junta Renault Master,3948.34
JSU-56,Jta.Nissan Tiida,3933.64
JSU-57,Jta.Nissan Tiida,4534.60
JSU-58,Jta.Perkins 4-236  4-248,2780.38
JSU-59,Jta.Chery Tiggo 2.0N 16V,6795.37
JSU-62,"Sal. esc. FORD RANGER (70,5mm ;89mm)",6420.29
M-9006,"Silenc.Zanella Sol 70,New Fire,Sol Plus 98 y Top",49269.43
M-9007,Silenciador Zanella Cargo,49269.43
M-9032,Silenciador(Original)Mondial S-1,53358.98
M-9033,Silenciador Mondial M1,52580.02
M-9034,"Silenc.Juki Pista 70/50,Siambreta 50 Y Aurora 50",56474.84
M-9035,Silenciador Mondial 100 Jet,55501.13
M-9200,Silenc.Yamaha Jog 50 Mod.90-92-Addly 50 y AT 50S,56280.10
M-9201,"Silenc.Yamaha Axis 90,JOG Artistic 50,JOG R y Next",55695.87
M-9210,Silenciador Yamaha Mint y Razz,56669.58
M-9250,Silenciador Honda Dax 70,51995.80
M-9255,Silenciador Honda Elite y Tact 50,56085.35
M-9256,Silenciador Honda Dio,53943.21
M-9280,Silenciador Suzuki AE 50,57253.80
M-9282,Silenciador Suzuki Address 60,57059.06
M-9283,Silenciador Suzuki Address 100,52580.02
M-9284,Silenciador Suzuki FA,48685.20
M-9400,Silenciador Yamaha Kripton,56474.84
M-9450,Silenciador Kawasaki Kazer 110,56085.35
M-9500,Sil.Honda NF100 Wave y Guerrero G110 DL(3 rayos),52774.76
M-9502,Silenciador Honda C 105 Biz,51995.80
M-9600,Silenciador Guerrero G 110 DL,54137.95
M-9602,Silenciador Guerrero G-100 Trip,55695.87
M-9700,Silenciador Mondial LD 110,54137.95
M-9800,Silenciador Motomel Eco 70,53748.46
M-9900,Silenciador Gilera Smash 110,51606.32
ME-9000,Silenciador Economico Zanella V2-V3,38948.16
ME-9001,Silenciador Economico Zanella Due,37000.75
ME-9002,Silenciador Economico Zanella Pocket,39921.87
ME-9003,"Silenc.Economico Zanella DUE '91,Fire y Sol Full",37584.98
ME-9004,Silenciador Economico Zanella V.R.,40116.61
ME-9005,Silenc.Econ.Zanella Sol Plus y New Fire Plus 5T,38169.20
ME-9030,Silenciador Economico Juki J2L,41090.31
ME-9031,Silenciador Economico Juki Dribbling,41090.31
ME-9050,Silenciador Economico Garelli NOI,41869.28
ME-9051,Silenciador Economico Garelli Team,41869.28
ME-9052,Silenciador Economico Garelli NOI '92,42453.50
ME-9053,Silenciador Economico Garelli NOI Matic,41674.53
ME-9070,Silenciador Economico Pumita,41090.31
ME-9071,Silenciador Economico Pumita Fifty,41090.31
ME-9080,Silenciador Economico Da Dalt,40895.57
ME-9081,"Silenciador Da Dalt 3T-Standar R16,R12 y Ciclocarg",41479.79
ME-9082,Silenciador Economico Da Dalt B/G,41479.79
ME-9090,Silenciador Economico Kirdy,40311.35
ME-9091,Silenciador Economico Jialing,41090.31
ME-9095,Silenciador Economico Daelim,41869.28
PA-100,"Porta Auxiliar S-10, Ranger y Hilux",461883.89
PA-200,Porta Auxiliar VW Amarok,452487.19
PA-400,Porta Auxiliar Ford Ranger (23 ->),476815.65
REPUE-2,REPUESTOS CORTADORA,23162.51
RPA-100,"Repuesto Porta Auxiliar S-10, Ranger, Amarok y Hilux",89579.81
RPA-400,Repuesto Porta Auxiliar Ranger (23->),92267.28
S-9000,"Sordina chica diam.1""1/2",10971.72
S-9001,"Sordina grande diam.2""1/4",10971.72
SEU-1,Sellador para Ca¤os de Escape,4110.40
SEU-2,Sellador Sachet,5973.49
SO-920,Soporte Ami 8- Aro,2133.39
SO-921,Soporte Fiat 1500-125-Trasero Corto,2072.44
SO-922,Soporte Fiat 1500 - 125 Gancho corto,5066.61
SO-923,Soporte Fiat 128 - Gancho largo,5296.91
SO-924,Soporte Fiat 128 - Trasero,2878.76
SO-925,Soporte Ford Falcon Corto,4191.25
SO-926,Soporte Ford Falcon Largo,4191.25
SO-927,Soporte Ford Taunus,1645.76
SO-928,Soporte Duna - Uno Delantero y Opel - Aro,1340.99
SO-929,Soporte Peugeot 404 - Carretel,5607.77
SO-931,Soporte Peugeot 504 - Aro,5412.06
SO-931/1,Soporte Peugeot Reforma,3657.24
SO-932,Soporte Peugeot Tira Corta - 2 agujeros,3915.11
SO-933,Soporte Renault 4L -R6 - R12,3915.11
SO-933/1,Soporte Renault 4L-R6-R12- Reforma,3840.10
SO-934,Soporte Renault R12 - Grande,4606.01
SO-934/1,Soporte Renault R21 Salida Motor,4606.01
SO-935,Soporte Torino IKA,4490.86
SO-936,Soporte Torino TSX,10666.95
SO-937,Soporte Universal p/abrazaderas,5584.80
SO-938,Universal doble soporte de goma,8472.60
SO-939,Soporte Pick-Up F100 - Delantero (66/82),12800.34
SO-941,Soporte Pick-Up F100 Delantero (82/86),13409.88
SO-942,Soporte Pick-Up F100 - Trasero (66/82),13409.88
SO-943,Soporte Pick-Up F100 - Trasero (82/87),17493.79
SO-944,Soporte R18 Delantero y Trafic Trasero,1828.62
SO-945,Soporte R18 Trasero y Trafic Delantero,1523.85
SO-946,Soporte Dodge Tira 3 Agujeros,1950.53
SO-947,Soporte Duna - Uno - Trasero y Regatta inter.,1889.57
SO-948,Soporte Dodge Reforma,2133.39
SO-950,Soporte Citr”en Visa,1828.62
SO-951,Tira de goma 50 cm de largo,5546.81
SO-955,Soporte Ford Sierra,3569.66
SO-956,Soporte Aro Gacel,1340.99
SO-957,Soporte Chapa Salida R12,1706.71
SO-964,Soporte Chapa Caja 505 c/porta resorte,14393.78
SO-965,Soporte R11 Delantero y R21 Intermedio,1645.76
SO-966,Soporte Regatta-R11-R21 tras. y Duna-Uno inter.,1645.76
SO-970,Mensula Fiat 125,19200.50
SO-971,Soporte Aro Fiat 147,1401.94
SO-972,Soporte Fiat 147 Ganchos,2993.91
SO-973,"Regat¢n p/jaula antivuelco 2 1/2""",1584.80
SO-975,Soporte Chapa Block - F100,5363.95
SO-976,Soporte Pick-Up F100 - Trasero (88/92),17493.79
SO-978,"Regat¢n p/jaula antivuelco 3""",1584.80
SO-979,Mensula Fiat 147,12373.66
SO-981,Soporte R19,1219.08
SO-982,Soporte R12 Reforma (3 piezas),1523.85
SO-983,Soporte Universal Doble,10018.07
SO-984,Soporte para Cami¢n c/tornillo - 40mm,14048.33
SO-985,Soporte Clio y Twingo,1796.56
SO-987,Soporte Gol Nuevo y Pointer,3339.36
SO-988,Soporte Ford Escort - Orion,7436.39
SO-989,Soporte F100 - Intermedio (93/96),14080.37
SO-991,Soporte Ford Transit,1889.57
SO-992,Soporte Pick-Up F100 - Trasero (98),6400.17
SO-993,Soporte Fiat Palio Delantero y Tras. Siena tras.,1401.94
SO-996,Soporte 405 Intermedio y Trasero,3454.51
SO-997,Soporte Renault Express y Fiorino,1828.62
SO-998,Soporte Ford Ka,1584.80
SO-1000,Soporte Peugeot 306 Delantero,1462.90
SO-1001,Soporte Peugeot 306 Trasero,1584.80
SO-1003,Soporte R12 Caja,3596.29
SO-1004,Soporte Renault Megane,2337.12
SO-1005,Soporte Polo - Golf Trasero,7009.71
SO-1006,Soporte Gol Nuevo - Seat,2133.39
SO-1007,Soporte Ford Escort Zetec delant. y tras.,1462.90
SO-1009,Soporte Ford Fiesta tras. Eco Sport,1828.62
SO-1010,Soporte Corsa - Blazer,2011.48
SO-1011,Soporte para Cami¢n c/tornillo - 60mm.,15199.83
SO-1012,Soporte para Cami¢n c/tornillo 75mm.,15890.73
SO-1013,Soporte de Goma Ford Focus,2133.39
SO-1014,Soporte de goma Ford Ranger,2255.30
SU-100,Supresor error catalizador curvo,12739.36
SU-101,Supresor error catalizador recto,12129.84
SU-102,Supresor error catalizador curvo c/rosca macho,19566.22
SU-103,Supresor error catalizador recto c/rosca macho,18712.86
TB-940,Tuerca bronce p/Múltipl. Rastrojero,2316.25
TB-941,Tuerca bronce p/Múltipl. Peugeot,2316.25
TB-942,Tuerca bronce p/Múltipl. F 100 - Falcon,2316.25
TB-943,Tuerca bronce p/Múltipl. F100 - Torino 7 banc.,2316.25
TB-944,Tuerca bronce p/Múltipl. Chevrolet,2133.39
TB-945,Tuerca bronce p/Múltipl. Torino - Dodge,2133.39
TB-946,Tuerca bronce p/Múltipl. R12 - Fiat,1706.71
TB-947,Tuerca bronce p/Múltipl. Toyota,2560.07
TB-948,Tuerca bronce p/Múltipl. Taunus,3413.42
